Name,G,PA,HR,R,RBI,SB,BB%,K%,ISO,BABIP,AVG,OBP,SLG,wOBA,xwOBA,wRC+,BsR,Off,Def,WAR,BB%,K%,BB/K,AVG,OBP,SLG,OPS,ISO,Spd,BABIP,XBR,wSB,wRC,wRAA,wOBA,wRC+,BABIP,GB/FB,LD%,GB%,FB%,IFFB%,HR/FB,IFH,IFH%,BUH,BUH%,Pull%,Cent%,Oppo%,Soft%,Med%,Hard%,Events,EV,EV90,maxEV,LA,Barrels,Barrel%,HardHit,HardHit%,AVG,xBA,SLG,xSLG,wOBA,xwOBA
Aaron Judge,79,351,28,70,62,6,15.10%,25.40%,0.361,0.444,0.364,0.464,0.724,0.489,0.459,223,-3.5,46,1.1,6.1,15.10%,25.40%,0.6,0.364,0.464,0.724,1.189,0.361,4.8,0.444,-2.9,-0.6,90,49,0.489,223,0.444,0.81,19.90%,35.90%,44.20%,7.70%,30.80%,4,5.40%,0,0.00%,39.80%,34.50%,25.70%,10.70%,45.10%,44.20%,206,95,112.1,117.9,17.7,51,24.80%,112,54.40%,0.364,0.314,0.724,0.712,0.489,0.459
Adley Rutschman,68,276,8,31,20,0,11.60%,16.30%,0.145,0.247,0.227,0.319,0.372,0.309,0.35,100,-1.2,-1.2,2.4,1.1,11.60%,16.30%,0.71,0.227,0.319,0.372,0.691,0.145,2.1,0.247,-0.8,-0.5,31,-1.2,0.309,100,0.247,0.95,17.20%,40.40%,42.40%,6.00%,9.50%,6,7.50%,0,0.00%,41.60%,34.00%,24.40%,10.70%,52.80%,36.50%,229,94.2,109.9,114.3,9.1,37,16.20%,128,55.90%,0.253,0.317,0.484,0.645,0.378,0.458
Adolis García,75,293,9,26,38,7,6.10%,24.20%,0.165,0.276,0.232,0.283,0.397,0.296,0.333,88,0.8,-3.1,-1.2,0.6,6.10%,24.20%,0.25,0.232,0.283,0.397,0.68,0.165,3.7,0.276,0.6,0.2,30,-4.3,0.296,88,0.276,0.6,15.40%,31.80%,52.70%,14.20%,8.50%,5,7.80%,0,0.00%,36.80%,35.80%,27.40%,13.90%,47.30%,38.80%,220,95.1,110.1,117.9,13,46,20.90%,136,61.80%,0.289,0.292,0.627,0.662,0.422,0.435
Alec Bohm,76,318,7,32,36,2,5.00%,15.70%,0.115,0.322,0.287,0.327,0.402,0.32,0.331,103,-0.3,0.8,2.2,1.4,5.00%,15.70%,0.32,0.287,0.327,0.402,0.729,0.115,3.5,0.322,-0.1,-0.2,38,1.5,0.32,103,0.322,1.83,21.70%,50.60%,27.70%,4.30%,10.10%,5,4.00%,0,0.00%,31.70%,39.80%,28.50%,14.50%,50.60%,34.90%,223,94.3,111.6,115.4,15.7,45,20.20%,122,54.70%,0.286,0.302,0.545,0.614,0.395,0.423
Alec Burleson,69,249,9,25,33,3,5.60%,13.30%,0.165,0.318,0.303,0.339,0.468,0.348,0.339,124,-0.3,6.6,-4.6,1,5.60%,13.30%,0.42,0.303,0.339,0.468,0.806,0.165,3.1,0.318,-0.5,0.2,36,6.7,0.348,124,0.318,0.95,16.60%,40.70%,42.70%,10.60%,10.60%,2,2.50%,2,100.00%,37.80%,43.30%,18.90%,14.40%,48.30%,37.30%,199,93.8,109.6,116.7,19.1,32,16.10%,116,58.30%,0.247,0.275,0.535,0.6,0.391,0.42
Alejandro Kirk,64,256,7,20,36,0,6.30%,10.20%,0.123,0.32,0.309,0.352,0.432,0.342,0.364,122,-3.7,2.7,16.1,2.8,6.30%,10.20%,0.62,0.309,0.352,0.432,0.784,0.123,0.5,0.32,-3.2,-0.5,35,5.7,0.342,122,0.32,1.33,20.20%,45.50%,34.30%,12.30%,9.60%,2,2.10%,0,0.00%,31.50%,36.60%,31.90%,10.30%,48.80%,40.80%,242,93.5,111.3,120.4,7.5,36,14.90%,132,54.50%,0.281,0.324,0.441,0.54,0.36,0.413
Andrew McCutchen,71,285,8,25,28,1,10.20%,20.70%,0.147,0.306,0.259,0.338,0.406,0.328,0.342,106,-1.8,0.3,-5.5,0.4,10.20%,20.70%,0.49,0.259,0.338,0.406,0.744,0.147,1.8,0.306,-1.5,-0.3,36,3.2,0.328,106,0.306,1.18,18.00%,44.30%,37.60%,15.10%,11.00%,6,7.00%,0,0.00%,49.00%,33.00%,18.00%,18.60%,49.50%,32.00%,210,94.1,111.8,117.9,5.7,41,19.50%,121,57.60%,0.281,0.29,0.561,0.601,0.399,0.413
Andy Pages,76,308,16,40,53,6,4.20%,18.80%,0.22,0.315,0.294,0.331,0.514,0.362,0.352,134,0.8,13,5.5,3,4.20%,18.80%,0.22,0.294,0.331,0.514,0.845,0.22,4.3,0.315,1.3,-0.5,48,11.9,0.362,134,0.315,0.88,23.70%,35.80%,40.50%,4.30%,17.00%,6,7.20%,0,0.00%,40.90%,34.50%,24.60%,12.50%,55.60%,31.90%,174,93.1,108.1,113.2,11,28,16.10%,95,54.60%,0.241,0.299,0.496,0.581,0.353,0.412
Anthony Volpe,78,315,9,33,43,8,8.90%,25.70%,0.19,0.29,0.233,0.306,0.423,0.317,0.311,103,-1,0.1,2.5,1.4,8.90%,25.70%,0.35,0.233,0.306,0.423,0.729,0.19,5.5,0.29,0.6,-1.6,37,0.7,0.317,103,0.29,1.12,12.90%,46.00%,41.10%,10.80%,10.80%,7,7.50%,0,0.00%,36.50%,34.00%,29.60%,18.20%,52.20%,29.60%,182,92.7,106.9,111.4,14,19,10.40%,97,53.30%,0.332,0.314,0.49,0.522,0.397,0.403
Austin Riley,78,347,12,45,41,2,6.60%,28.00%,0.163,0.358,0.275,0.329,0.438,0.334,0.346,112,-1.1,3.6,0.2,1.6,6.60%,28.00%,0.24,0.275,0.329,0.438,0.766,0.163,3.5,0.358,-0.6,-0.6,46,5.6,0.334,112,0.358,0.79,24.10%,33.50%,42.40%,11.60%,12.60%,8,10.70%,0,0.00%,44.20%,35.70%,20.10%,15.60%,48.70%,35.70%,245,91.2,104.3,108.7,19.2,32,13.10%,112,45.70%,0.288,0.291,0.524,0.553,0.392,0.401
Austin Wells,67,250,11,26,44,3,6.40%,24.80%,0.216,0.237,0.216,0.276,0.432,0.303,0.3,94,0,-1.8,9.3,1.7,6.40%,24.80%,0.26,0.216,0.276,0.432,0.708,0.216,4.4,0.237,0.1,-0.1,27,-2.1,0.303,94,0.237,0.62,15.10%,32.50%,52.40%,12.60%,12.60%,1,1.90%,0,0.00%,37.70%,33.50%,28.70%,16.20%,50.90%,32.90%,205,92,107.3,113.2,23.4,41,20.00%,102,49.80%,0.281,0.259,0.667,0.593,0.438,0.401
Ben Rice,67,258,14,36,29,3,8.50%,21.70%,0.254,0.258,0.241,0.323,0.496,0.353,0.412,129,-0.5,8,-4.5,1.3,8.50%,21.70%,0.39,0.241,0.323,0.496,0.819,0.254,4.9,0.258,0.1,-0.6,38,8.1,0.353,129,0.258,1.26,19.10%,45.10%,35.80%,4.80%,22.60%,2,2.60%,0,0.00%,52.60%,28.30%,19.10%,11.00%,47.40%,41.60%,216,93.9,109,113.8,13.8,38,17.60%,117,54.20%,0.256,0.275,0.481,0.557,0.366,0.399
Bo Bichette,78,355,11,38,48,4,5.40%,16.10%,0.163,0.305,0.277,0.318,0.44,0.329,0.374,113,-1.7,3.4,-0.4,1.5,5.40%,16.10%,0.33,0.277,0.318,0.44,0.758,0.163,3.2,0.305,-0.8,-0.9,45,4.2,0.329,113,0.305,1.47,21.70%,46.60%,31.80%,4.50%,12.50%,5,3.90%,0,0.00%,29.20%,40.40%,30.30%,13.70%,48.70%,37.50%,211,90.5,105.3,109.3,15.5,21,10.00%,80,37.90%,0.281,0.299,0.417,0.522,0.358,0.397
Bobby Witt Jr.,79,342,10,42,40,21,7.60%,18.10%,0.201,0.32,0.282,0.339,0.484,0.348,0.382,120,3.8,11.8,13.2,3.8,7.60%,18.10%,0.42,0.282,0.339,0.484,0.823,0.201,6.6,0.32,2.5,1.3,49,9.3,0.348,120,0.32,0.79,23.10%,33.90%,43.00%,11.10%,9.30%,10,11.80%,0,0.00%,33.50%,35.90%,30.70%,14.30%,47.80%,37.80%,217,93.8,108.2,112.1,13.3,36,16.60%,119,54.80%,0.268,0.272,0.492,0.531,0.381,0.397
Brandon Lowe,73,303,15,46,42,2,6.60%,24.10%,0.196,0.304,0.264,0.314,0.461,0.336,0.357,120,-0.5,6.5,-5.4,1.2,6.60%,24.10%,0.27,0.264,0.314,0.461,0.774,0.196,3.3,0.304,0,-0.5,40,5.2,0.336,120,0.304,1.14,22.00%,41.60%,36.40%,5.30%,19.70%,9,10.30%,0,0.00%,48.80%,31.10%,20.10%,12.00%,47.80%,40.20%,243,91.7,106.6,111.7,15,34,14.00%,113,46.50%,0.278,0.299,0.492,0.555,0.367,0.396
Brandon Nimmo,76,312,15,37,41,6,8.00%,19.20%,0.208,0.267,0.251,0.314,0.459,0.334,0.343,117,0.2,6.3,-2.3,1.5,8.00%,19.20%,0.42,0.251,0.314,0.459,0.773,0.208,3.8,0.267,-0.1,0.4,41,5.1,0.334,117,0.267,1.12,14.20%,45.30%,40.40%,6.60%,16.50%,2,2.00%,0,0.00%,32.90%,37.80%,29.30%,13.80%,54.70%,31.60%,168,91.2,105.1,109.8,19,20,11.90%,78,46.40%,0.33,0.299,0.541,0.523,0.415,0.395
Brendan Donovan,72,314,5,43,29,3,8.00%,13.10%,0.128,0.347,0.31,0.377,0.438,0.357,0.372,130,1.4,12.4,0,2.3,8.00%,13.10%,0.61,0.31,0.377,0.438,0.815,0.128,3.3,0.347,1.8,-0.4,47,10.7,0.357,130,0.347,1.31,22.40%,44.00%,33.60%,6.20%,6.20%,2,1.90%,0,0.00%,35.50%,39.30%,25.20%,12.80%,57.00%,30.20%,238,93.5,108.7,112.8,7.9,29,12.20%,124,52.10%,0.264,0.287,0.459,0.536,0.353,0.39
Brent Rooker,81,354,16,49,43,2,9.90%,20.90%,0.215,0.317,0.278,0.353,0.492,0.367,0.396,139,-0.4,15.2,-9.4,1.8,9.90%,20.90%,0.47,0.278,0.353,0.492,0.845,0.215,3.9,0.317,0.1,-0.6,56,15.1,0.367,139,0.317,0.93,21.40%,37.90%,40.70%,6.10%,16.20%,5,5.40%,0,0.00%,41.20%,37.90%,21.00%,14.80%,48.10%,37.00%,185,90.4,105.4,112.3,18,30,16.20%,83,44.90%,0.256,0.274,0.466,0.542,0.355,0.389
Brenton Doyle,67,280,5,26,25,8,7.10%,25.70%,0.112,0.246,0.194,0.25,0.306,0.248,0.31,41,1.3,-18.2,1.7,-0.8,7.10%,25.70%,0.28,0.194,0.25,0.306,0.556,0.112,6.5,0.246,0.1,1.3,18,-14.9,0.248,41,0.246,1.11,17.60%,43.30%,39.00%,8.20%,6.80%,6,7.40%,0,0.00%,44.10%,33.00%,22.90%,14.40%,45.70%,39.90%,206,92.7,107.8,115.8,16.1,32,15.50%,103,50.00%,0.255,0.269,0.573,0.565,0.388,0.389
Brice Turang,77,330,5,51,31,16,10.60%,22.10%,0.09,0.349,0.277,0.353,0.367,0.322,0.334,104,1.5,3.2,1.5,1.6,10.60%,22.10%,0.48,0.277,0.353,0.367,0.719,0.09,5,0.349,1.7,-0.3,40,2.2,0.322,104,0.349,1.66,23.60%,47.70%,28.70%,0.00%,8.10%,14,13.60%,3,60.00%,22.60%,40.30%,37.10%,8.60%,61.10%,30.30%,248,92.5,108.3,114.8,14.4,31,12.50%,125,50.40%,0.302,0.304,0.498,0.529,0.372,0.387
Bryan Reynolds,75,326,8,27,39,3,8.90%,25.80%,0.14,0.296,0.233,0.304,0.373,0.298,0.363,86,0,-5.4,-7.4,-0.2,8.90%,25.80%,0.35,0.233,0.304,0.373,0.677,0.14,3.5,0.296,0.7,-0.7,34,-4.1,0.298,86,0.296,1.47,22.70%,46.00%,31.30%,1.50%,12.10%,3,3.10%,0,0.00%,40.30%,37.90%,21.80%,10.00%,54.00%,36.00%,168,91.6,107.1,111.3,14.5,18,10.70%,83,49.40%,0.258,0.286,0.446,0.506,0.356,0.387
Bryce Harper,57,253,9,32,34,8,13.80%,18.60%,0.188,0.289,0.258,0.368,0.446,0.356,0.387,127,1.1,9.2,-6.5,1.1,13.80%,18.60%,0.74,0.258,0.368,0.446,0.814,0.188,4.6,0.289,0,1.2,38,8.5,0.356,127,0.289,0.77,20.40%,34.70%,44.90%,0.00%,12.00%,1,1.70%,1,100.00%,35.10%,33.30%,31.50%,10.70%,56.50%,32.70%,195,91.2,107.6,112.1,14.3,23,11.80%,95,48.70%,0.252,0.269,0.414,0.495,0.355,0.386
Bryson Stott,71,291,5,32,34,12,8.90%,17.90%,0.103,0.282,0.24,0.31,0.344,0.293,0.31,84,2,-3.4,3.4,1,8.90%,17.90%,0.5,0.24,0.31,0.344,0.654,0.103,5.9,0.282,1.3,0.7,29,-4.9,0.293,84,0.282,0.88,20.10%,37.30%,42.60%,7.90%,5.60%,6,7.70%,2,66.70%,29.20%,39.20%,31.60%,16.00%,58.00%,25.90%,178,91,104.5,111.9,16.1,25,14.00%,81,45.50%,0.267,0.27,0.496,0.542,0.371,0.386
Byron Buxton,62,266,17,46,47,13,8.60%,27.40%,0.28,0.327,0.28,0.346,0.559,0.382,0.355,149,4.6,19.6,1.1,3.1,8.60%,27.40%,0.32,0.28,0.346,0.559,0.905,0.28,8.3,0.327,2.4,2.2,45,14.4,0.382,149,0.327,0.84,16.20%,38.30%,45.50%,14.50%,22.40%,7,10.90%,0,0.00%,52.70%,28.10%,19.20%,12.60%,48.50%,38.90%,177,91.1,106.2,110.5,19,23,13.00%,90,50.80%,0.246,0.256,0.441,0.514,0.357,0.385
Cal Raleigh,77,339,32,58,69,9,13.60%,24.80%,0.385,0.283,0.281,0.386,0.667,0.438,0.401,194,-0.8,35.7,4.9,5.4,13.60%,24.80%,0.55,0.281,0.386,0.667,1.053,0.385,4,0.283,-1.3,0.5,73,33.6,0.438,194,0.283,0.45,20.00%,24.90%,55.10%,15.00%,28.30%,5,9.80%,0,0.00%,54.60%,26.80%,18.50%,18.00%,40.50%,41.50%,186,91.1,103.8,109.4,10.9,16,8.60%,93,50.00%,0.304,0.311,0.489,0.503,0.38,0.385
Cam Smith,65,246,5,29,27,3,8.50%,26.40%,0.135,0.355,0.266,0.337,0.401,0.328,0.342,112,0.3,3.7,-0.7,1.2,8.50%,26.40%,0.32,0.266,0.337,0.401,0.738,0.135,4.4,0.355,0.5,-0.2,31,2.6,0.328,112,0.355,2.08,27.40%,49.00%,23.60%,2.70%,13.50%,4,5.20%,0,0.00%,40.80%,35.00%,24.20%,14.60%,51.00%,34.40%,251,93.6,108.9,114.8,15.2,31,12.40%,125,49.80%,0.282,0.306,0.484,0.52,0.348,0.382
Carlos Correa,68,266,6,30,24,0,6.00%,19.50%,0.129,0.307,0.261,0.305,0.39,0.305,0.324,95,-1.3,-2.7,3.5,1,6.00%,19.50%,0.31,0.261,0.305,0.39,0.694,0.129,1.5,0.307,-0.9,-0.4,29,-2,0.305,95,0.307,1.48,21.20%,47.00%,31.80%,12.70%,9.50%,8,8.60%,0,0.00%,41.40%,32.80%,25.80%,17.70%,53.50%,28.80%,198,91.3,104.4,111.6,14.1,19,9.60%,88,44.40%,0.315,0.298,0.512,0.509,0.383,0.376
Carlos Santana,72,294,9,36,37,4,11.60%,17.70%,0.13,0.265,0.24,0.333,0.37,0.314,0.311,102,-1.6,-0.8,-2.1,0.7,11.60%,17.70%,0.65,0.24,0.333,0.37,0.703,0.13,3.8,0.265,-1.8,0.3,34,0,0.314,102,0.265,1.06,15.60%,43.40%,41.00%,19.00%,10.70%,7,7.90%,0,0.00%,52.20%,32.70%,15.10%,22.00%,44.40%,33.70%,165,90.4,108.4,112.9,15.1,24,14.50%,77,46.70%,0.226,0.264,0.473,0.545,0.337,0.376
Ceddanne Rafaela,76,280,8,42,30,11,5.00%,20.70%,0.159,0.295,0.252,0.3,0.411,0.311,0.33,93,3.3,1,9.6,2.1,5.00%,20.70%,0.24,0.252,0.3,0.411,0.71,0.159,7.3,0.295,1.9,1.4,32,-0.8,0.311,93,0.295,1.14,14.90%,45.30%,39.80%,8.80%,10.00%,6,6.60%,0,0.00%,35.30%,40.70%,24.00%,14.20%,52.00%,33.80%,165,94,107.5,113.5,20,17,10.30%,85,51.50%,0.243,0.263,0.452,0.484,0.359,0.374
Cedric Mullins,63,256,12,31,35,8,10.20%,25.40%,0.208,0.247,0.217,0.302,0.425,0.319,0.297,107,0.2,2.2,-3.7,0.7,10.20%,25.40%,0.4,0.217,0.302,0.425,0.727,0.208,4.4,0.247,-0.3,0.4,31,0.9,0.319,107,0.247,0.48,17.70%,26.60%,55.70%,15.90%,13.60%,3,7.10%,3,60.00%,46.00%,28.80%,25.20%,21.50%,47.90%,30.70%,257,93.7,109.4,114,4.8,27,10.50%,142,55.30%,0.289,0.309,0.47,0.515,0.348,0.374
Christian Walker,76,317,10,32,37,0,6.90%,27.40%,0.146,0.269,0.215,0.281,0.361,0.284,0.319,82,-0.6,-7.2,-4.6,-0.1,6.90%,27.40%,0.25,0.215,0.281,0.361,0.642,0.146,2.1,0.269,-0.2,-0.4,29,-7.5,0.284,82,0.269,0.85,17.20%,37.90%,44.80%,11.00%,11.00%,6,7.80%,0,0.00%,42.90%,38.90%,18.20%,15.30%,49.30%,35.50%,277,91.4,106.8,112.3,8.4,28,10.10%,138,49.80%,0.277,0.312,0.44,0.518,0.329,0.374
Christian Yelich,75,320,15,39,56,12,10.00%,26.60%,0.194,0.324,0.264,0.344,0.458,0.348,0.34,122,1.5,9.7,-10.5,1,10.00%,26.60%,0.38,0.264,0.344,0.458,0.801,0.194,4.2,0.324,0.9,0.7,46,8.6,0.348,122,0.324,2.37,17.50%,58.00%,24.50%,4.10%,30.60%,7,6.00%,0,0.00%,34.50%,40.50%,25.00%,16.50%,49.50%,34.00%,222,90.7,105.5,111.7,8.5,23,10.40%,107,48.20%,0.271,0.31,0.427,0.51,0.321,0.373
CJ Abrams,67,298,11,52,26,16,7.00%,17.10%,0.204,0.319,0.287,0.36,0.491,0.369,0.36,137,3.8,16.8,-2.3,2.5,7.00%,17.10%,0.41,0.287,0.36,0.491,0.851,0.204,7.5,0.319,1.9,1.9,48,13.2,0.369,137,0.319,1.01,22.30%,39.10%,38.60%,13.30%,13.30%,4,4.80%,0,0.00%,41.70%,38.00%,20.40%,21.30%,49.50%,29.20%,242,89.9,103.9,109.4,10.5,20,8.30%,101,41.70%,0.31,0.31,0.438,0.481,0.357,0.372
Cody Bellinger,72,306,10,37,38,7,8.80%,15.00%,0.183,0.275,0.26,0.324,0.443,0.331,0.336,113,0.3,4.9,1.4,1.7,8.80%,15.00%,0.59,0.26,0.324,0.443,0.767,0.183,5.7,0.275,0.2,0.1,40,4.1,0.331,113,0.275,0.7,20.70%,32.80%,46.60%,8.30%,9.30%,5,6.60%,0,0.00%,46.10%,27.60%,26.30%,17.20%,54.70%,28.00%,166,90.5,104.3,109.8,16.5,23,13.90%,71,42.80%,0.24,0.256,0.467,0.504,0.355,0.371
Corbin Carroll,72,323,20,57,44,10,9.30%,24.80%,0.318,0.285,0.255,0.341,0.573,0.388,0.389,148,4.5,22.6,0.6,3.5,9.30%,24.80%,0.38,0.255,0.341,0.573,0.914,0.318,7.6,0.285,4.6,0,56,19,0.388,148,0.285,0.81,18.40%,36.40%,45.10%,14.00%,21.50%,6,8.00%,0,0.00%,45.10%,33.00%,21.80%,18.00%,42.20%,39.80%,207,89.9,108.9,114.7,9.4,28,13.50%,96,46.40%,0.248,0.274,0.418,0.505,0.331,0.37
Dansby Swanson,78,327,14,44,39,7,7.00%,26.60%,0.181,0.282,0.237,0.288,0.418,0.305,0.344,96,1.1,-0.5,4.2,1.5,7.00%,26.60%,0.26,0.237,0.288,0.418,0.706,0.181,5.1,0.282,1,0.2,36,-2.3,0.305,96,0.282,1.14,20.50%,42.30%,37.20%,16.30%,17.50%,12,13.20%,0,0.00%,43.80%,36.90%,19.40%,16.10%,50.20%,33.60%,172,90.7,108.3,110.3,12.7,29,16.90%,87,50.60%,0.27,0.273,0.464,0.513,0.349,0.369
Elly De La Cruz,80,344,18,63,55,21,9.90%,25.90%,0.238,0.328,0.274,0.349,0.511,0.367,0.363,129,4.4,15.9,-2.2,2.6,9.90%,25.90%,0.38,0.274,0.349,0.511,0.86,0.238,7.1,0.328,3.1,1.3,54,14.5,0.367,129,0.328,1.63,11.90%,54.60%,33.50%,6.80%,24.70%,9,7.60%,0,0.00%,44.70%,31.50%,23.70%,13.20%,48.40%,38.40%,177,92,106.4,111.3,15.8,26,14.70%,86,48.60%,0.278,0.282,0.494,0.54,0.35,0.369
Eric Wagaman,72,292,5,30,29,2,5.80%,18.80%,0.125,0.298,0.255,0.295,0.38,0.295,0.336,83,-1,-6.7,-7,-0.4,5.80%,18.80%,0.31,0.255,0.295,0.38,0.675,0.125,3.5,0.298,-0.6,-0.4,29,-4.6,0.295,83,0.298,1.21,21.80%,42.70%,35.50%,7.70%,6.40%,8,8.50%,0,0.00%,39.10%,37.70%,23.20%,14.10%,53.60%,32.30%,202,90.8,108.3,114.5,12.4,38,18.80%,96,47.50%,0.299,0.269,0.538,0.546,0.382,0.368
Ernie Clement,76,266,4,35,19,3,4.50%,10.90%,0.117,0.336,0.31,0.342,0.427,0.336,0.297,118,0.7,6.2,9.4,2.5,4.50%,10.90%,0.41,0.31,0.342,0.427,0.77,0.117,3.1,0.336,1.8,-1.1,36,4.7,0.336,118,0.336,0.9,25.30%,35.30%,39.40%,9.20%,4.60%,8,10.30%,0,0.00%,43.30%,29.90%,26.80%,17.40%,59.80%,22.80%,218,92.8,108.6,116.2,18.3,40,18.30%,112,51.40%,0.262,0.273,0.546,0.54,0.365,0.367
Eugenio Suárez,78,319,25,48,67,1,6.60%,25.70%,0.318,0.256,0.251,0.323,0.569,0.377,0.362,140,-3.3,11.8,-0.6,2.2,6.60%,25.70%,0.26,0.251,0.323,0.569,0.892,0.318,2.8,0.256,-3.1,-0.2,53,16.1,0.377,140,0.256,0.6,20.50%,29.80%,49.80%,5.90%,24.50%,3,4.90%,0,0.00%,47.30%,35.60%,17.10%,14.60%,47.80%,37.60%,213,92.5,107.4,112,12,21,9.90%,119,55.90%,0.309,0.305,0.432,0.498,0.342,0.364
Fernando Tatis Jr.,77,338,15,57,37,15,10.90%,17.50%,0.196,0.283,0.264,0.352,0.459,0.353,0.39,129,3.1,14.7,7.1,3.4,10.90%,17.50%,0.63,0.264,0.352,0.459,0.812,0.196,6.3,0.283,1.4,1.6,50,10.5,0.353,129,0.283,1.53,16.00%,50.80%,33.20%,6.30%,19.00%,11,9.10%,0,0.00%,37.80%,37.80%,24.40%,12.60%,50.00%,37.40%,211,91.5,106.6,112.3,6.5,23,10.90%,101,47.90%,0.233,0.276,0.373,0.503,0.298,0.363
Francisco Lindor,78,354,16,49,42,13,7.90%,18.10%,0.198,0.286,0.268,0.339,0.466,0.348,0.346,126,2.3,13,4.2,3,7.90%,18.10%,0.44,0.268,0.339,0.466,0.805,0.198,4.9,0.286,1.1,1.2,51,9.6,0.348,126,0.286,1.13,19.00%,42.90%,38.10%,12.50%,16.70%,6,5.60%,2,100.00%,44.30%,36.80%,19.00%,17.00%,51.00%,32.00%,219,91.8,109.2,117.4,7.1,35,16.00%,104,47.50%,0.274,0.267,0.511,0.516,0.367,0.363
Freddie Freeman,68,288,9,41,41,0,9.70%,20.50%,0.197,0.376,0.315,0.385,0.512,0.383,0.376,148,-0.7,15.5,-3.1,2.3,9.70%,20.50%,0.47,0.315,0.385,0.512,0.897,0.197,2.6,0.376,0.2,-0.9,49,15.8,0.383,148,0.376,1.11,25.30%,39.40%,35.40%,2.90%,12.90%,6,7.70%,0,0.00%,40.90%,33.80%,25.30%,9.60%,53.00%,37.40%,205,91.1,106.9,111.8,23.4,30,14.60%,105,51.20%,0.251,0.244,0.569,0.53,0.377,0.362
Gabriel Arias,72,266,5,27,27,3,6.40%,31.20%,0.129,0.323,0.228,0.291,0.357,0.287,0.299,84,-0.7,-5.7,3.9,0.7,6.40%,31.20%,0.2,0.228,0.291,0.357,0.647,0.129,3,0.323,0.3,-1,25,-5.7,0.287,84,0.323,1.66,16.40%,52.20%,31.40%,8.00%,10.00%,9,10.80%,1,50.00%,44.70%,34.80%,20.50%,18.60%,48.40%,32.90%,161,96.3,114.3,122.9,8.2,36,22.40%,93,57.80%,0.208,0.239,0.404,0.477,0.318,0.362
Gavin Lux,72,265,4,24,35,1,12.10%,23.40%,0.12,0.347,0.266,0.355,0.386,0.332,0.309,105,-0.7,0.7,-7.1,0.2,12.10%,23.40%,0.52,0.266,0.355,0.386,0.741,0.12,3,0.347,-0.5,-0.3,34,3.7,0.332,105,0.347,1.43,24.60%,44.40%,31.00%,5.70%,7.50%,2,2.60%,0,0.00%,38.60%,42.10%,19.30%,13.50%,55.00%,31.60%,192,90,104,110.5,21.3,27,14.10%,82,42.70%,0.223,0.237,0.47,0.51,0.341,0.361
Gavin Sheets,76,282,12,32,46,1,7.80%,20.60%,0.196,0.298,0.267,0.326,0.463,0.342,0.351,122,-1.6,5.6,-4.9,1,7.80%,20.60%,0.38,0.267,0.326,0.463,0.789,0.196,3,0.298,-1.4,-0.2,39,6.3,0.342,122,0.298,0.83,21.50%,35.50%,43.00%,15.10%,14.00%,5,7.00%,0,0.00%,40.50%,35.00%,24.50%,12.50%,49.50%,38.00%,216,86.4,101.7,110.1,13.3,12,5.60%,69,31.90%,0.284,0.283,0.388,0.409,0.355,0.36
George Springer,73,285,11,40,36,7,12.60%,21.80%,0.21,0.296,0.256,0.354,0.466,0.355,0.389,131,0.6,10.9,-11.2,1,12.60%,21.80%,0.58,0.256,0.354,0.466,0.82,0.21,5.7,0.296,-0.3,0.9,42,9.4,0.355,131,0.296,0.84,21.10%,36.10%,42.80%,11.70%,14.30%,4,6.20%,0,0.00%,41.10%,36.10%,22.80%,13.90%,52.80%,33.30%,167,89.3,105.4,110.4,16.5,14,8.40%,71,42.50%,0.248,0.267,0.402,0.467,0.332,0.36
Geraldo Perdomo,78,343,8,41,53,11,12.80%,11.40%,0.151,0.267,0.26,0.355,0.411,0.337,0.323,113,2.7,8,3.4,2.3,12.80%,11.40%,1.13,0.26,0.355,0.411,0.765,0.151,5.3,0.267,1.5,1.2,46,6.3,0.337,113,0.267,0.96,20.20%,39.10%,40.70%,12.90%,7.90%,5,5.20%,3,33.30%,40.50%,32.30%,27.20%,14.40%,54.90%,30.70%,216,89.5,104.1,112.7,12.6,17,7.90%,91,42.10%,0.287,0.29,0.491,0.464,0.369,0.36
Gleyber Torres,67,290,7,38,38,4,13.80%,12.10%,0.136,0.299,0.281,0.386,0.417,0.358,0.397,133,-1.3,9.6,-1.6,1.8,13.80%,12.10%,1.14,0.281,0.386,0.417,0.804,0.136,3.4,0.299,-1.1,-0.2,44,10.1,0.358,133,0.299,0.91,22.30%,37.00%,40.80%,8.10%,8.10%,3,3.80%,0,0.00%,35.10%,37.90%,27.00%,10.90%,54.50%,34.60%,217,91.4,107.2,114,9.9,28,12.90%,103,47.50%,0.257,0.267,0.443,0.481,0.342,0.358
Gunnar Henderson,72,305,8,40,23,9,9.80%,24.60%,0.154,0.353,0.275,0.351,0.429,0.339,0.333,121,2.9,10.4,-2.1,1.9,9.80%,24.60%,0.4,0.275,0.351,0.429,0.779,0.154,5.9,0.353,2.4,0.5,41,6.2,0.339,121,0.353,1.48,18.70%,48.50%,32.80%,12.30%,12.30%,4,4.20%,0,0.00%,37.40%,34.80%,27.80%,12.60%,51.50%,35.90%,232,90.1,105.3,111.5,23.6,33,14.20%,100,43.10%,0.273,0.27,0.563,0.54,0.37,0.358
Heliot Ramos,77,336,13,48,43,5,8.30%,23.50%,0.19,0.345,0.286,0.363,0.476,0.365,0.352,136,-0.9,13.2,-8.9,1.6,8.30%,23.50%,0.35,0.286,0.363,0.476,0.839,0.19,4.1,0.345,0.3,-1.2,53,13.6,0.365,136,0.345,1.35,17.40%,47.50%,35.20%,7.80%,16.90%,13,12.50%,0,0.00%,37.90%,36.50%,25.60%,16.40%,53.40%,30.10%,187,89.5,108.3,112.5,11.1,24,12.80%,81,43.30%,0.266,0.283,0.5,0.51,0.343,0.357
Hunter Goodman,75,307,14,40,48,1,5.50%,26.70%,0.227,0.356,0.287,0.332,0.514,0.364,0.336,120,-0.6,6.6,-0.6,1.7,5.50%,26.70%,0.21,0.287,0.332,0.514,0.846,0.227,3.8,0.356,0.4,-1,48,12.2,0.364,120,0.356,0.85,20.50%,36.60%,42.90%,10.20%,15.90%,8,10.70%,0,0.00%,47.30%,35.10%,17.60%,14.60%,42.40%,42.90%,209,92.1,106.5,112.2,13,26,12.40%,97,46.40%,0.264,0.276,0.461,0.514,0.336,0.357
Ian Happ,70,329,11,50,38,4,12.20%,22.20%,0.165,0.289,0.246,0.337,0.411,0.331,0.347,113,-2.8,2.2,-2.6,1.1,12.20%,22.20%,0.55,0.246,0.337,0.411,0.748,0.165,3.9,0.289,-2.7,-0.2,42,4.4,0.331,113,0.289,0.86,25.20%,34.60%,40.20%,10.50%,12.80%,8,10.80%,1,100.00%,40.50%,30.70%,28.80%,16.30%,53.00%,30.70%,195,87.7,103.8,109.9,7.7,14,7.20%,67,34.40%,0.245,0.294,0.354,0.469,0.296,0.357
Isaac Paredes,75,325,16,40,45,0,12.90%,17.50%,0.217,0.263,0.254,0.36,0.471,0.364,0.339,137,-0.9,13,1.1,2.6,12.90%,17.50%,0.74,0.254,0.36,0.471,0.831,0.217,2.1,0.263,0.1,-1,51,12.9,0.364,137,0.263,0.75,23.10%,33.00%,43.90%,12.40%,16.50%,3,4.10%,0,0.00%,55.20%,29.90%,14.90%,14.90%,55.70%,29.40%,253,89.2,104.5,111.6,20.1,20,7.90%,100,39.50%,0.317,0.303,0.518,0.47,0.379,0.356
J.P. Crawford,75,324,6,35,30,5,15.40%,17.30%,0.104,0.338,0.284,0.399,0.388,0.355,0.36,136,-0.9,12.6,-2.4,2.2,15.40%,17.30%,0.89,0.284,0.399,0.388,0.787,0.104,3.1,0.338,-0.8,-0.1,48,10.7,0.355,136,0.338,1.15,28.20%,38.50%,33.30%,9.90%,8.50%,6,7.30%,0,0.00%,31.00%,31.90%,37.00%,21.30%,56.90%,21.80%,230,89.9,105.6,109.9,12.8,20,8.70%,95,41.30%,0.288,0.286,0.432,0.487,0.338,0.355
J.T. Realmuto,65,266,5,29,27,5,8.30%,23.70%,0.116,0.31,0.244,0.312,0.36,0.299,0.319,88,-0.2,-4,1.1,0.6,8.30%,23.70%,0.35,0.244,0.312,0.36,0.672,0.116,4.7,0.31,-0.4,0.2,27,-3.3,0.299,88,0.31,1.62,19.60%,49.70%,30.70%,5.50%,9.10%,5,5.60%,0,0.00%,43.00%,33.00%,24.00%,14.00%,56.40%,29.60%,167,91.8,107.6,112.5,17.4,26,15.60%,91,54.50%,0.28,0.254,0.559,0.511,0.382,0.355
Jackson Chourio,79,356,12,51,46,15,3.90%,20.20%,0.189,0.292,0.257,0.287,0.445,0.315,0.302,99,2.2,2,-0.1,1.4,3.90%,20.20%,0.19,0.257,0.287,0.445,0.732,0.189,7.1,0.292,1.7,0.6,41,0.3,0.315,99,0.292,1.12,19.50%,42.50%,38.00%,11.90%,11.90%,15,13.30%,2,66.70%,33.80%,38.70%,27.50%,22.30%,46.10%,31.60%,250,89.8,105,117.9,10,15,6.00%,109,43.60%,0.303,0.299,0.467,0.456,0.358,0.354
Jackson Holliday,72,299,9,32,32,8,5.40%,23.40%,0.154,0.32,0.262,0.311,0.416,0.319,0.34,107,-0.7,1.7,-2.2,1,5.40%,23.40%,0.23,0.262,0.311,0.416,0.727,0.154,4.8,0.32,0.6,-1.3,36,1.1,0.319,107,0.32,1.39,19.70%,46.60%,33.70%,2.90%,12.90%,9,9.30%,0,0.00%,30.60%,43.50%,25.80%,12.40%,56.00%,31.60%,175,94.4,106.7,112,15.7,23,13.10%,90,51.40%,0.225,0.24,0.41,0.474,0.326,0.353
Jacob Wilson,75,318,9,41,40,5,5.70%,6.30%,0.142,0.356,0.353,0.394,0.495,0.388,0.329,153,0.2,19.4,1.3,3.3,5.70%,6.30%,0.9,0.353,0.394,0.495,0.889,0.142,3.4,0.356,0.3,-0.1,56,18.7,0.388,153,0.356,2.1,21.90%,52.90%,25.20%,7.20%,13.00%,10,6.90%,2,66.70%,36.80%,38.60%,24.50%,15.20%,64.60%,20.20%,219,91,107,116,9.6,24,11.00%,94,42.90%,0.286,0.258,0.476,0.472,0.365,0.352
Jake Burger,65,249,10,27,29,1,3.20%,26.10%,0.182,0.258,0.22,0.253,0.403,0.283,0.32,80,-0.6,-6.4,-4.9,-0.3,3.20%,26.10%,0.12,0.22,0.253,0.403,0.656,0.182,2.6,0.258,-0.1,-0.5,23,-6.2,0.283,80,0.258,0.85,15.60%,38.70%,45.70%,13.90%,12.70%,5,7.50%,0,0.00%,36.40%,39.30%,24.30%,20.20%,41.00%,38.70%,232,89.2,104.5,110.6,16.2,21,9.10%,91,39.20%,0.294,0.292,0.514,0.488,0.362,0.352
Jake Meyers,77,279,3,36,20,13,8.20%,17.60%,0.096,0.368,0.307,0.365,0.402,0.34,0.332,121,-0.2,6.4,4.2,2.1,8.20%,17.60%,0.47,0.307,0.365,0.402,0.767,0.096,5.3,0.368,-0.2,0,38,5.8,0.34,121,0.368,1.62,25.50%,46.10%,28.40%,10.30%,5.20%,4,4.30%,0,0.00%,31.60%,45.10%,23.30%,12.60%,50.00%,37.40%,237,89.2,105.2,110.5,9.8,21,8.90%,101,42.60%,0.262,0.277,0.376,0.468,0.312,0.351
James Wood,80,353,22,50,63,9,13.30%,26.90%,0.281,0.335,0.281,0.377,0.561,0.399,0.413,158,-0.3,23.6,-2.4,3.4,13.30%,26.90%,0.49,0.281,0.377,0.561,0.938,0.281,3.5,0.335,0.1,-0.4,65,24,0.399,158,0.335,1.58,17.60%,50.50%,31.90%,1.50%,32.80%,10,9.40%,0,0.00%,31.00%,41.00%,28.10%,12.40%,45.70%,41.90%,200,92,105.3,110.1,16.8,20,10.00%,106,53.00%,0.267,0.27,0.463,0.481,0.342,0.351
Jarren Duran,80,368,5,40,38,15,6.00%,23.60%,0.151,0.331,0.257,0.311,0.408,0.314,0.319,95,2.3,0.3,-6.1,0.7,6.00%,23.60%,0.25,0.257,0.311,0.408,0.719,0.151,7.3,0.331,1.8,0.5,43,-0.1,0.314,95,0.331,1.22,19.40%,44.30%,36.40%,9.80%,5.40%,10,8.90%,0,0.00%,34.60%,36.60%,28.70%,13.40%,53.90%,32.70%,198,89.9,105.1,111,15.7,17,8.60%,78,39.40%,0.227,0.26,0.372,0.453,0.309,0.35
Jasson Domínguez,66,247,6,32,27,10,12.10%,27.90%,0.137,0.319,0.241,0.332,0.377,0.316,0.33,102,2,2.7,-6.8,0.4,12.10%,27.90%,0.43,0.241,0.332,0.377,0.709,0.137,5.1,0.319,0.9,1.2,29,0.3,0.316,102,0.319,1.07,17.00%,42.90%,40.10%,10.20%,10.20%,6,9.50%,0,0.00%,42.20%,33.30%,24.50%,19.00%,37.40%,43.50%,256,88.2,104.9,109.9,8.3,20,7.80%,106,41.40%,0.326,0.289,0.495,0.448,0.381,0.348
Jeremy Peña,79,339,11,47,40,15,5.90%,15.90%,0.169,0.365,0.326,0.382,0.495,0.381,0.348,150,2.6,21.9,5,4,5.90%,15.90%,0.37,0.326,0.382,0.495,0.877,0.169,5.7,0.365,1.1,1.6,57,18.2,0.381,150,0.365,1.55,19.70%,48.80%,31.50%,8.80%,13.80%,16,12.90%,0,0.00%,44.90%,34.00%,21.10%,15.20%,53.10%,31.60%,215,89.2,105.7,112,17.6,20,9.30%,85,39.50%,0.246,0.259,0.411,0.44,0.331,0.347
Jo Adell,72,252,16,28,39,3,6.70%,24.60%,0.248,0.236,0.226,0.303,0.473,0.337,0.376,116,0.4,4.9,-5.5,0.8,6.70%,24.60%,0.27,0.226,0.303,0.473,0.776,0.248,3.3,0.236,0.1,0.3,34,4.7,0.337,116,0.236,0.85,17.70%,37.80%,44.50%,9.60%,21.90%,3,4.80%,0,0.00%,42.70%,29.30%,28.00%,17.10%,47.60%,35.40%,236,91.4,109.5,116.5,8.9,26,11.00%,116,49.20%,0.264,0.27,0.521,0.492,0.354,0.347
Joey Ortiz,78,274,4,31,18,8,6.20%,16.80%,0.08,0.251,0.217,0.275,0.297,0.259,0.29,61,0.8,-11.7,5.8,0.3,6.20%,16.80%,0.37,0.217,0.275,0.297,0.572,0.08,4.7,0.251,0.8,0,20,-12.1,0.259,61,0.251,1.17,18.90%,43.80%,37.30%,13.30%,5.30%,6,6.80%,0,0.00%,29.30%,36.10%,34.60%,25.50%,48.10%,26.40%,228,90.5,107.1,114.8,18.5,31,13.60%,103,45.20%,0.235,0.279,0.392,0.499,0.29,0.346
Jonathan Aranda,74,286,8,40,41,0,10.50%,23.40%,0.158,0.425,0.332,0.416,0.49,0.397,0.403,163,-5.2,15.4,-5.2,2.1,10.50%,23.40%,0.45,0.332,0.416,0.49,0.906,0.158,1.7,0.425,-4.1,-1,52,18.9,0.397,163,0.425,1.29,25.80%,41.80%,32.40%,10.20%,13.60%,4,5.30%,0,0.00%,41.80%,34.10%,24.20%,14.30%,48.40%,37.40%,254,90.6,104.4,109.7,13.5,23,9.10%,111,43.70%,0.268,0.264,0.466,0.463,0.348,0.346
Jonathan India,71,306,4,29,22,0,9.20%,14.10%,0.095,0.268,0.238,0.314,0.333,0.292,0.337,81,-1.2,-7.9,-7.6,-0.5,9.20%,14.10%,0.65,0.238,0.314,0.333,0.647,0.095,1.8,0.268,0.5,-1.7,30,-5.5,0.292,81,0.268,0.9,19.00%,38.40%,42.70%,14.10%,4.00%,6,6.70%,0,0.00%,49.60%,27.60%,22.80%,15.10%,53.90%,31.00%,224,92.6,109.5,113.2,17.1,33,14.70%,113,50.40%,0.275,0.262,0.438,0.482,0.334,0.346
Jordan Beck,68,272,10,38,28,9,7.00%,27.90%,0.213,0.348,0.269,0.327,0.482,0.349,0.332,110,0.5,3.7,-2.3,1.1,7.00%,27.90%,0.25,0.269,0.327,0.482,0.809,0.213,7.1,0.348,0.7,-0.2,39,7.7,0.349,110,0.348,1,20.20%,39.90%,39.90%,10.10%,14.50%,7,10.10%,1,100.00%,47.10%,28.70%,24.10%,17.20%,43.10%,39.70%,217,89.9,105.3,109.3,13.8,25,11.50%,96,44.20%,0.237,0.263,0.418,0.482,0.305,0.344
Jorge Soler,67,265,8,25,26,0,8.30%,29.80%,0.143,0.27,0.207,0.28,0.35,0.281,0.286,76,-0.6,-7.9,-7.1,-0.6,8.30%,29.80%,0.28,0.207,0.28,0.35,0.631,0.143,1.2,0.27,-0.3,-0.4,24,-7.1,0.281,76,0.27,1.13,16.30%,44.40%,39.40%,12.70%,12.70%,5,7.00%,0,0.00%,49.40%,36.30%,14.40%,15.00%,53.10%,31.90%,189,91.3,106.9,112.3,13.5,19,10.10%,94,49.70%,0.237,0.236,0.398,0.407,0.338,0.344
Jose Altuve,76,322,12,36,34,6,7.80%,16.10%,0.157,0.284,0.266,0.323,0.423,0.323,0.297,109,-1.9,1.5,-5.6,0.7,7.80%,16.10%,0.48,0.266,0.323,0.423,0.746,0.157,2.9,0.284,-0.5,-1.3,40,2.3,0.323,109,0.284,1.17,15.80%,45.40%,38.80%,15.10%,12.90%,17,15.60%,3,75.00%,54.10%,29.50%,16.40%,20.50%,51.20%,28.30%,244,91.2,105.5,110.3,9.4,15,6.10%,108,44.30%,0.311,0.288,0.488,0.44,0.373,0.344
José Ramírez,75,318,13,43,36,20,8.50%,11.00%,0.201,0.321,0.317,0.377,0.518,0.379,0.356,148,1.6,19,1.4,3.2,8.50%,11.00%,0.77,0.317,0.377,0.518,0.895,0.201,5.6,0.321,0.1,1.4,53,16.6,0.379,148,0.321,0.69,21.30%,32.00%,46.60%,11.90%,11.00%,11,13.60%,0,0.00%,50.20%,32.00%,17.80%,19.00%,51.00%,30.00%,225,91.5,105.7,109.8,11.7,24,10.70%,112,49.80%,0.251,0.267,0.459,0.466,0.334,0.343
Josh Bell,68,266,10,23,28,0,9.40%,18.00%,0.152,0.2,0.194,0.278,0.346,0.279,0.331,76,-3,-10.5,-6.5,-0.9,9.40%,18.00%,0.52,0.194,0.278,0.346,0.624,0.152,1.9,0.2,-2.2,-0.8,23,-7.4,0.279,76,0.2,1.41,13.70%,50.50%,35.80%,7.40%,14.70%,4,4.20%,0,0.00%,42.60%,33.70%,23.70%,16.80%,51.60%,31.60%,195,88.9,103.5,110.2,14.1,19,9.70%,86,44.10%,0.259,0.269,0.406,0.44,0.328,0.342
Josh Jung,69,273,7,24,31,4,5.50%,23.80%,0.129,0.299,0.242,0.289,0.371,0.292,0.32,85,-0.6,-5.2,3,0.7,5.50%,23.80%,0.23,0.242,0.289,0.371,0.66,0.129,4,0.299,-0.6,0,27,-4.9,0.292,85,0.299,1.2,25.10%,40.80%,34.00%,12.30%,10.80%,9,11.50%,0,0.00%,38.70%,34.60%,26.70%,18.30%,44.50%,37.20%,157,89.6,106.4,113.9,6,11,7.00%,74,47.10%,0.266,0.277,0.401,0.435,0.328,0.342
Josh Naylor,75,317,9,41,51,10,7.90%,12.90%,0.164,0.325,0.303,0.358,0.467,0.358,0.354,127,-1.3,8.8,-6.8,1.3,7.90%,12.90%,0.61,0.303,0.358,0.467,0.824,0.164,5.1,0.325,-2,0.7,48,11,0.358,127,0.325,1.32,18.10%,46.60%,35.30%,3.40%,10.20%,3,2.60%,0,0.00%,43.80%,37.30%,18.90%,16.10%,49.00%,34.90%,242,89,104.2,108.5,15.9,23,9.50%,96,39.70%,0.285,0.278,0.443,0.471,0.334,0.341
Josh Smith,67,262,7,34,21,8,9.20%,17.20%,0.145,0.322,0.282,0.352,0.427,0.343,0.334,121,1.5,7.8,0.2,1.7,9.20%,17.20%,0.53,0.282,0.352,0.427,0.78,0.145,4.9,0.322,1.5,-0.1,36,6,0.343,121,0.322,1.04,20.30%,40.60%,39.00%,11.00%,9.60%,4,5.30%,2,66.70%,35.80%,35.80%,28.40%,18.90%,48.90%,32.10%,240,87.8,101,109.8,13.2,13,5.40%,67,27.90%,0.278,0.274,0.404,0.416,0.34,0.341
Juan Soto,79,352,17,56,43,9,18.80%,15.90%,0.231,0.255,0.253,0.392,0.484,0.378,0.458,147,0.3,19.6,-10.3,2.1,18.80%,15.90%,1.18,0.253,0.392,0.484,0.876,0.231,4.3,0.255,-0.4,0.7,59,18.1,0.378,147,0.255,1.35,17.50%,47.40%,35.10%,5.00%,21.30%,6,5.60%,0,0.00%,40.60%,37.10%,22.30%,15.30%,41.90%,42.80%,200,91.6,107.9,113.4,2,15,7.50%,99,49.50%,0.264,0.262,0.458,0.447,0.348,0.34
Julio Rodríguez,77,348,11,48,41,12,6.30%,20.70%,0.157,0.291,0.252,0.31,0.409,0.314,0.338,108,1.4,4.5,7.6,2.5,6.30%,20.70%,0.31,0.252,0.31,0.409,0.719,0.157,6.6,0.291,0.8,0.7,40,0.1,0.314,108,0.291,1.36,16.10%,48.40%,35.50%,11.40%,12.50%,9,7.50%,0,0.00%,37.90%,39.50%,22.60%,16.50%,46.80%,36.70%,219,92.2,106.5,113,17.9,22,10.00%,116,53.00%,0.23,0.247,0.388,0.426,0.322,0.34
Jung Hoo Lee,76,321,6,44,34,6,8.40%,10.90%,0.156,0.267,0.253,0.318,0.408,0.318,0.333,104,3.4,4.8,0.6,1.6,8.40%,10.90%,0.77,0.253,0.318,0.408,0.726,0.156,6.8,0.267,3.1,0.3,38,0.9,0.318,104,0.267,1.16,20.40%,42.70%,36.90%,5.30%,6.40%,7,6.40%,1,50.00%,43.60%,32.70%,23.70%,14.00%,62.60%,23.30%,201,91,104.6,109.2,21.4,26,12.90%,89,44.30%,0.247,0.255,0.463,0.511,0.318,0.34
Junior Caminero,74,311,19,47,50,5,6.10%,17.70%,0.257,0.263,0.264,0.309,0.521,0.354,0.347,133,-0.2,11.5,-1.6,2.1,6.10%,17.70%,0.35,0.264,0.309,0.521,0.83,0.257,4.2,0.263,-0.4,0.2,46,9.9,0.354,133,0.263,1.32,16.50%,47.50%,36.00%,9.40%,22.40%,8,7.10%,0,0.00%,45.30%,36.90%,17.80%,12.30%,51.70%,36.00%,209,90.7,105.2,109.6,8.5,23,11.00%,95,45.50%,0.262,0.271,0.416,0.472,0.319,0.34
Ke'Bryan Hayes,74,293,2,22,22,9,5.50%,20.80%,0.051,0.292,0.232,0.284,0.283,0.258,0.284,58,1.4,-13,10.8,0.8,5.50%,20.80%,0.26,0.232,0.284,0.283,0.567,0.051,5.3,0.292,0.9,0.5,21,-13.3,0.258,58,0.292,1.61,18.10%,50.50%,31.40%,13.60%,3.00%,10,9.40%,1,50.00%,33.50%,35.40%,31.10%,17.50%,53.80%,28.80%,221,87.4,102.8,107.4,20.5,14,6.30%,76,34.40%,0.254,0.246,0.471,0.407,0.364,0.339
Keibert Ruiz,66,259,2,19,24,0,3.10%,9.30%,0.073,0.266,0.247,0.278,0.32,0.265,0.288,66,-2.5,-12.8,-4.7,-0.9,3.10%,9.30%,0.33,0.247,0.278,0.32,0.598,0.073,1.6,0.266,-1.3,-1.2,20,-10.1,0.265,66,0.266,1.51,20.50%,47.80%,31.70%,14.10%,2.80%,4,3.70%,0,0.00%,43.80%,39.70%,16.50%,19.60%,57.10%,23.20%,202,91.6,105.9,110.4,16.5,15,7.40%,89,44.10%,0.303,0.282,0.468,0.455,0.348,0.339
Kerry Carpenter,74,270,14,38,29,1,2.60%,21.50%,0.216,0.266,0.247,0.277,0.463,0.318,0.34,105,-0.8,0.9,-5.8,0.4,2.60%,21.50%,0.12,0.247,0.277,0.463,0.74,0.216,3.8,0.266,-0.2,-0.5,32,0.9,0.318,105,0.266,0.71,18.20%,33.80%,48.00%,16.80%,14.70%,2,3.00%,0,0.00%,42.90%,38.90%,18.20%,15.20%,54.00%,30.80%,254,88.2,100.9,107.2,17.7,14,5.50%,88,34.60%,0.257,0.271,0.394,0.425,0.323,0.338
Kristian Campbell,67,263,6,24,21,2,11.00%,27.40%,0.122,0.296,0.223,0.319,0.345,0.301,0.296,86,0.1,-4.1,-6.5,-0.2,11.00%,27.40%,0.4,0.223,0.319,0.345,0.664,0.122,2.4,0.296,0.6,-0.4,28,-2.8,0.301,86,0.296,2.05,18.50%,54.80%,26.80%,4.80%,14.30%,5,5.80%,0,0.00%,28.70%,37.60%,33.80%,17.20%,52.20%,30.60%,248,90.6,108.1,114.7,9,19,7.70%,108,43.50%,0.252,0.269,0.409,0.457,0.314,0.338
Kyle Manzardo,67,252,12,24,32,1,9.50%,25.40%,0.229,0.247,0.22,0.298,0.448,0.321,0.312,107,0,2.1,-5.3,0.5,9.50%,25.40%,0.38,0.22,0.298,0.448,0.746,0.229,3.7,0.247,0.1,-0.1,31,1.4,0.321,107,0.247,0.53,18.50%,28.40%,53.10%,10.50%,14.00%,1,2.20%,0,0.00%,43.20%,32.70%,24.10%,19.10%,50.00%,30.90%,264,89.2,104.4,111.7,11.1,18,6.80%,106,40.20%,0.3,0.282,0.448,0.434,0.352,0.337
Kyle Schwarber,79,349,24,57,55,6,16.00%,25.50%,0.288,0.269,0.247,0.378,0.535,0.391,0.42,151,-1.1,19.7,-10.9,2.1,16.00%,25.50%,0.63,0.247,0.378,0.535,0.913,0.288,4.6,0.269,-1.3,0.2,62,21.3,0.391,151,0.269,0.8,18.60%,36.20%,45.20%,11.10%,26.70%,2,2.80%,0,0.00%,54.30%,29.10%,16.60%,17.10%,41.20%,41.70%,155,90.8,105.9,112.9,14.2,14,9.00%,70,45.20%,0.171,0.236,0.29,0.401,0.275,0.337
Kyle Stowers,73,279,11,33,35,3,9.00%,28.30%,0.194,0.35,0.27,0.342,0.464,0.349,0.369,121,0.1,6.8,-3.8,1.2,9.00%,28.30%,0.32,0.27,0.342,0.464,0.805,0.194,5.2,0.35,0.3,-0.3,40,7.8,0.349,121,0.35,1.16,21.60%,42.10%,36.30%,4.80%,17.70%,7,9.70%,0,0.00%,43.60%,29.70%,26.70%,15.10%,44.80%,40.10%,232,88.7,103.8,110.8,16.6,14,6.00%,87,37.50%,0.238,0.274,0.333,0.419,0.292,0.337
Kyle Tucker,78,348,15,56,48,18,14.90%,14.10%,0.236,0.3,0.288,0.397,0.524,0.392,0.401,155,3.4,25.9,-3.7,3.5,14.90%,14.10%,1.06,0.288,0.397,0.524,0.921,0.236,7.3,0.3,0.8,2.6,62,21.7,0.392,155,0.3,0.59,21.60%,29.00%,49.40%,8.30%,12.40%,1,1.40%,0,0.00%,46.50%,33.10%,20.40%,13.50%,53.10%,33.50%,186,91.1,106.7,113.1,16.7,24,12.90%,88,47.30%,0.232,0.24,0.421,0.449,0.317,0.337
Lars Nootbaar,76,341,11,43,35,4,12.90%,21.70%,0.158,0.269,0.23,0.337,0.388,0.322,0.34,106,-1.2,1.3,-2.3,1,12.90%,21.70%,0.59,0.23,0.337,0.388,0.726,0.158,2.8,0.269,0.1,-1.4,42,2.3,0.322,106,0.269,0.75,18.70%,34.70%,46.60%,11.80%,10.80%,5,6.60%,0,0.00%,37.40%,38.80%,23.70%,16.40%,48.90%,34.70%,232,89.3,103.6,110.2,18.6,20,8.60%,96,41.40%,0.26,0.263,0.443,0.445,0.331,0.336
Lawrence Butler,76,335,11,44,32,11,8.10%,28.10%,0.188,0.335,0.256,0.316,0.445,0.332,0.313,114,3,8.3,-2.5,1.8,8.10%,28.10%,0.29,0.256,0.316,0.445,0.761,0.188,5.4,0.335,2.5,0.5,44,4.7,0.332,114,0.335,1.28,20.70%,44.60%,34.70%,4.10%,14.90%,6,6.30%,1,100.00%,34.60%,37.40%,28.00%,14.00%,52.80%,33.20%,220,90.9,106.6,113.5,10.7,14,6.40%,101,45.90%,0.255,0.286,0.38,0.456,0.295,0.336
Lourdes Gurriel Jr.,73,310,10,25,40,7,5.80%,14.20%,0.165,0.268,0.257,0.303,0.423,0.315,0.322,98,0.1,-0.7,-4.6,0.5,5.80%,14.20%,0.41,0.257,0.303,0.423,0.726,0.165,4.2,0.268,-0.5,0.6,36,0.1,0.315,98,0.268,0.8,18.40%,36.30%,45.30%,15.30%,9.00%,8,9.00%,0,0.00%,39.60%,35.90%,24.50%,18.40%,54.30%,27.30%,205,92.1,108.4,116.2,17.7,26,12.70%,106,51.70%,0.287,0.262,0.514,0.473,0.364,0.336
Luis Arraez,73,319,3,37,29,3,4.10%,1.90%,0.111,0.277,0.282,0.311,0.393,0.307,0.283,98,-1.1,-1.9,-11,-0.3,4.10%,1.90%,2.17,0.282,0.311,0.393,0.704,0.111,5.2,0.277,-0.8,-0.3,35,-1.8,0.307,98,0.277,1.31,25.70%,42.10%,32.20%,6.40%,3.20%,7,5.70%,2,28.60%,30.10%,31.10%,38.80%,12.70%,72.90%,14.40%,221,91.1,103.4,109.8,8.2,14,6.30%,99,44.80%,0.277,0.269,0.367,0.4,0.322,0.334
Luis García Jr.,71,278,7,36,36,7,5.80%,13.70%,0.157,0.288,0.271,0.313,0.427,0.321,0.373,104,-1.7,-0.3,-5.1,0.4,5.80%,13.70%,0.42,0.271,0.313,0.427,0.74,0.157,4.2,0.288,-1,-0.6,34,1.5,0.321,104,0.288,1.29,19.40%,45.50%,35.10%,6.40%,9.00%,6,5.90%,0,0.00%,40.50%,40.10%,19.40%,17.60%,46.40%,36.00%,191,88.1,101.9,108.2,14.7,11,5.80%,66,34.60%,0.282,0.274,0.427,0.419,0.343,0.334
Luis Rengifo,72,264,4,20,18,2,5.30%,17.40%,0.077,0.247,0.215,0.259,0.293,0.246,0.306,52,-1.7,-16.2,-2.3,-1,5.30%,17.40%,0.3,0.215,0.259,0.293,0.551,0.077,2.2,0.247,0.3,-2,16,-14.3,0.246,52,0.247,2.29,21.00%,55.00%,24.00%,6.30%,8.30%,6,5.50%,0,0.00%,36.00%,39.40%,24.60%,15.80%,61.60%,22.70%,201,93.6,106,113.6,20.6,26,12.90%,101,50.20%,0.232,0.249,0.397,0.463,0.296,0.333
Luis Robert Jr.,72,285,8,27,32,22,10.20%,30.90%,0.129,0.245,0.185,0.27,0.313,0.261,0.311,63,0.8,-11.2,1.5,0,10.20%,30.90%,0.33,0.185,0.27,0.313,0.584,0.129,5.3,0.245,-0.8,1.6,21,-12.2,0.261,63,0.245,0.85,18.40%,37.40%,44.20%,18.10%,11.10%,1,1.60%,0,0.00%,47.60%,27.40%,25.00%,20.10%,50.60%,29.30%,198,92.7,107.2,113.3,11,14,7.10%,102,51.50%,0.275,0.28,0.429,0.409,0.339,0.333
Maikel Garcia,77,315,8,35,36,17,8.60%,13.70%,0.177,0.342,0.311,0.371,0.488,0.373,0.344,138,-0.4,13.2,-0.8,2.4,8.60%,13.70%,0.63,0.311,0.371,0.488,0.858,0.177,5.6,0.342,0,-0.4,51,14.7,0.373,138,0.342,1.17,20.90%,42.70%,36.40%,11.50%,9.20%,7,6.90%,1,20.00%,37.70%,38.50%,23.80%,13.90%,54.10%,32.00%,257,87.8,101.8,105.4,12.3,10,3.90%,80,31.10%,0.253,0.286,0.408,0.407,0.318,0.333
Manny Machado,79,335,13,52,47,8,9.30%,16.70%,0.196,0.332,0.302,0.364,0.498,0.372,0.387,143,0.1,16.8,-0.7,2.8,9.30%,16.70%,0.55,0.302,0.364,0.498,0.863,0.196,4.3,0.332,-0.2,0.2,54,15.6,0.372,143,0.332,1.05,20.60%,40.70%,38.70%,9.40%,13.50%,7,6.90%,0,0.00%,33.90%,38.30%,27.80%,13.30%,51.20%,35.50%,206,88.5,103.8,107.9,11,11,5.30%,80,38.80%,0.307,0.28,0.402,0.412,0.34,0.332
Marcell Ozuna,75,330,11,34,40,0,17.60%,22.70%,0.162,0.304,0.252,0.385,0.414,0.355,0.386,126,-1.5,8.5,-8.1,1.2,17.60%,22.70%,0.77,0.252,0.385,0.414,0.798,0.162,0.8,0.304,-0.9,-0.7,49,10.8,0.355,126,0.304,1.07,20.10%,41.20%,38.70%,5.30%,14.70%,3,3.80%,0,0.00%,41.20%,33.00%,25.80%,13.90%,51.50%,34.50%,215,90.7,105.4,111.1,11.8,17,7.90%,91,42.30%,0.237,0.272,0.38,0.472,0.283,0.332
Marcus Semien,79,319,7,30,32,6,10.00%,18.50%,0.111,0.251,0.221,0.301,0.332,0.284,0.326,80,1.2,-6,3.1,0.8,10.00%,18.50%,0.54,0.221,0.301,0.332,0.633,0.111,4.4,0.251,1,0.3,29,-7.7,0.284,80,0.251,0.77,19.50%,35.00%,45.60%,13.60%,6.80%,4,5.10%,0,0.00%,45.60%,36.30%,18.10%,18.10%,50.40%,31.40%,249,91.1,106.3,114.4,16,19,7.60%,109,43.80%,0.267,0.268,0.407,0.443,0.32,0.332
Masyn Winn,68,288,7,49,29,4,8.30%,18.10%,0.136,0.294,0.256,0.324,0.391,0.317,0.314,102,0.2,1,10.1,2.1,8.30%,18.10%,0.46,0.256,0.324,0.391,0.716,0.136,4,0.294,1.9,-1.7,34,0.6,0.317,102,0.294,0.78,23.40%,33.70%,42.90%,13.60%,8.00%,6,8.70%,1,25.00%,42.10%,32.10%,25.80%,19.60%,54.50%,25.80%,174,88.6,105.3,113.8,15.6,23,13.20%,72,41.40%,0.269,0.249,0.482,0.455,0.349,0.332
Matt Chapman,65,272,12,35,30,7,14.70%,23.90%,0.209,0.288,0.243,0.36,0.452,0.359,0.374,131,0.3,10.3,3.5,2.4,14.70%,23.90%,0.62,0.243,0.36,0.452,0.812,0.209,3.8,0.288,0.1,0.1,41,9.7,0.359,131,0.288,0.71,15.20%,35.20%,49.70%,14.60%,14.60%,3,5.20%,0,0.00%,40.00%,33.90%,26.10%,15.20%,47.30%,37.60%,190,89.8,108.1,113.3,8.8,20,10.50%,83,43.70%,0.194,0.241,0.346,0.431,0.279,0.331
Matt McLain,70,282,9,37,27,11,10.30%,28.40%,0.138,0.259,0.203,0.299,0.341,0.289,0.311,76,1.7,-6.3,3.6,0.7,10.30%,28.40%,0.36,0.203,0.299,0.341,0.64,0.138,5.7,0.259,-0.1,1.8,27,-5.6,0.289,76,0.259,0.82,18.20%,37.00%,44.80%,8.10%,12.20%,8,13.10%,1,33.30%,30.40%,40.50%,29.20%,15.50%,53.60%,31.00%,249,90.7,104.1,109.3,6.5,17,6.80%,120,48.20%,0.287,0.283,0.402,0.429,0.32,0.331
Matt Olson,78,342,15,46,52,0,14.00%,22.20%,0.225,0.294,0.256,0.363,0.481,0.366,0.399,134,-0.7,12.8,0.2,2.5,14.00%,22.20%,0.63,0.256,0.363,0.481,0.844,0.225,1.3,0.294,-0.1,-0.6,54,14.3,0.366,134,0.294,1.05,17.60%,42.10%,40.30%,11.50%,17.20%,0,0.00%,0,0.00%,40.30%,32.40%,27.30%,10.60%,47.70%,41.70%,229,89.8,106,112.2,11.5,12,5.20%,87,38.00%,0.246,0.275,0.344,0.397,0.296,0.33
Max Kepler,71,264,9,32,27,0,10.60%,20.50%,0.177,0.235,0.211,0.303,0.388,0.305,0.327,92,0,-2.4,-3.5,0.3,10.60%,20.50%,0.52,0.211,0.303,0.388,0.691,0.177,1.6,0.235,0.3,-0.4,29,-1.9,0.305,92,0.235,0.81,15.10%,38.00%,46.90%,8.30%,10.70%,2,2.90%,0,0.00%,48.00%,32.40%,19.60%,10.60%,49.70%,39.70%,211,90.5,104.9,110.3,20.8,29,13.70%,90,42.70%,0.211,0.231,0.466,0.474,0.319,0.33
Max Muncy,75,292,11,33,45,4,16.40%,21.90%,0.195,0.283,0.246,0.373,0.441,0.357,0.385,130,0.3,10.8,-3.3,1.8,16.40%,21.90%,0.75,0.246,0.373,0.441,0.814,0.195,4.8,0.283,0.1,0.2,44,10.1,0.357,130,0.283,0.71,20.90%,32.80%,46.30%,3.70%,13.40%,1,1.70%,0,0.00%,52.50%,32.20%,15.30%,13.00%,53.10%,33.90%,204,90.3,104.8,112.1,11.5,24,11.80%,91,44.60%,0.252,0.259,0.411,0.461,0.311,0.33
Michael Busch,73,275,12,32,44,3,10.90%,22.50%,0.229,0.313,0.267,0.36,0.496,0.371,0.386,141,-1.6,11.6,-6.6,1.4,10.90%,22.50%,0.48,0.267,0.36,0.496,0.856,0.229,5.2,0.313,-1.7,0.1,44,12.5,0.371,141,0.313,0.91,19.20%,38.40%,42.40%,2.70%,16.00%,3,4.40%,0,0.00%,46.60%,30.90%,22.50%,9.60%,57.30%,33.10%,147,89.9,106.9,112.1,14.3,13,8.80%,72,49.00%,0.241,0.24,0.377,0.396,0.316,0.33
Michael Conforto,69,258,5,28,16,1,12.80%,24.40%,0.12,0.213,0.171,0.298,0.29,0.275,0.337,74,-1.4,-9.3,-5.2,-0.6,12.80%,24.40%,0.52,0.171,0.298,0.29,0.589,0.12,2.9,0.213,-1.2,-0.2,22,-8.2,0.275,74,0.213,1.03,17.40%,41.90%,40.60%,6.30%,7.90%,1,1.50%,0,0.00%,40.60%,31.60%,27.70%,14.20%,52.90%,32.90%,176,90.5,103.5,111.1,22.6,20,11.40%,80,45.50%,0.245,0.235,0.434,0.419,0.336,0.329
Michael Harris II,78,316,6,18,43,11,3.20%,20.60%,0.111,0.257,0.22,0.246,0.331,0.25,0.3,54,1,-15.9,4.2,-0.2,3.20%,20.60%,0.15,0.22,0.246,0.331,0.577,0.111,5.1,0.257,0.4,0.6,20,-16.2,0.25,54,0.257,1.65,16.60%,51.90%,31.50%,1.40%,8.10%,3,2.50%,0,0.00%,39.30%,40.60%,20.10%,18.80%,54.80%,26.40%,211,91.2,107.1,111.8,10.3,15,7.10%,95,45.00%,0.259,0.264,0.431,0.422,0.331,0.329
Miguel Vargas,77,318,10,39,34,3,9.10%,17.30%,0.19,0.259,0.236,0.314,0.426,0.324,0.321,108,0.6,3.5,-3.9,1.1,9.10%,17.30%,0.53,0.236,0.314,0.426,0.741,0.19,4.9,0.259,0.5,0.2,39,2.6,0.324,108,0.259,0.5,15.20%,28.30%,56.50%,9.20%,7.70%,2,3.10%,0,0.00%,42.20%,36.10%,21.70%,15.70%,53.90%,30.40%,277,86,99.5,108.5,8.2,7,2.50%,73,26.40%,0.353,0.308,0.495,0.396,0.388,0.329
Mike Yastrzemski,72,278,6,31,26,5,12.90%,21.20%,0.138,0.307,0.25,0.349,0.388,0.326,0.324,109,1.1,4,-3.8,1,12.90%,21.20%,0.61,0.25,0.349,0.388,0.736,0.138,4.1,0.307,1.4,-0.3,35,2.5,0.326,109,0.307,0.79,20.90%,35.00%,44.10%,11.50%,7.70%,4,6.50%,3,60.00%,41.20%,31.90%,26.90%,15.90%,57.70%,26.40%,261,86.6,99.2,104.1,12.7,5,1.90%,59,22.60%,0.31,0.285,0.432,0.389,0.354,0.328
Mookie Betts,73,322,9,50,39,6,10.90%,9.90%,0.137,0.261,0.257,0.339,0.394,0.323,0.338,107,0.3,3.1,5.9,2,10.90%,9.90%,1.09,0.257,0.339,0.394,0.733,0.137,5.5,0.261,-0.3,0.6,40,2.4,0.323,107,0.261,0.69,21.30%,32.30%,46.50%,9.30%,7.60%,7,8.50%,0,0.00%,41.70%,36.20%,22.00%,15.40%,55.50%,29.10%,179,91.3,104.5,109.4,16.7,22,12.30%,86,48.00%,0.211,0.237,0.388,0.423,0.305,0.327
Nathaniel Lowe,80,333,13,33,52,1,8.40%,26.70%,0.169,0.277,0.228,0.294,0.397,0.304,0.313,93,-3.1,-6,-6,-0.1,8.40%,26.70%,0.31,0.228,0.294,0.397,0.692,0.169,2,0.277,-2.9,-0.3,36,-2.7,0.304,93,0.277,1.31,23.70%,43.30%,33.00%,11.30%,18.30%,4,4.30%,0,0.00%,33.50%,31.20%,35.30%,17.20%,50.70%,32.10%,226,88,102.5,110,19.7,16,7.10%,80,35.40%,0.221,0.253,0.332,0.402,0.284,0.326
Nick Castellanos,78,322,8,36,41,2,5.30%,18.60%,0.158,0.329,0.285,0.326,0.443,0.334,0.341,112,-2.3,2.2,-11,0.2,5.30%,18.60%,0.28,0.285,0.326,0.443,0.769,0.158,3.7,0.329,-2.2,-0.1,42,5,0.334,112,0.329,0.99,24.40%,37.60%,38.00%,3.30%,8.70%,6,6.60%,0,0.00%,43.80%,32.60%,23.60%,9.90%,56.60%,33.50%,198,89.4,106.2,112.7,7.8,12,6.10%,83,41.90%,0.261,0.276,0.39,0.425,0.305,0.324
Nico Hoerner,75,310,1,43,33,15,4.80%,7.10%,0.076,0.313,0.294,0.335,0.37,0.313,0.31,101,1.5,1.8,6.4,1.9,4.80%,7.10%,0.68,0.294,0.335,0.37,0.706,0.076,6,0.313,0.2,1.2,36,-0.3,0.313,101,0.313,1.34,18.20%,46.80%,34.90%,9.60%,1.10%,10,7.90%,0,0.00%,37.90%,35.30%,26.80%,14.90%,59.90%,25.30%,182,90.2,103,108.5,16.9,15,8.20%,70,38.50%,0.25,0.242,0.388,0.397,0.326,0.324
Nolan Arenado,74,311,10,37,39,1,7.40%,10.30%,0.152,0.247,0.247,0.309,0.399,0.306,0.3,96,-0.8,-2.4,4,1.2,7.40%,10.30%,0.72,0.247,0.309,0.399,0.708,0.152,3.3,0.247,-0.5,-0.3,34,-1.9,0.306,96,0.247,0.78,18.20%,36.00%,45.80%,15.50%,8.60%,9,9.90%,0,0.00%,47.80%,31.60%,20.60%,18.60%,56.50%,24.90%,257,88.1,101.3,107.5,14.7,13,5.10%,82,31.90%,0.26,0.247,0.411,0.375,0.337,0.323
Nolan Schanuel,76,320,6,39,30,3,10.60%,12.80%,0.126,0.307,0.278,0.366,0.404,0.34,0.341,118,-0.4,6.1,-5.7,1.2,10.60%,12.80%,0.83,0.278,0.366,0.404,0.77,0.126,3.8,0.307,0,-0.4,44,6.7,0.34,118,0.307,1.13,23.00%,40.90%,36.20%,8.20%,7.10%,4,4.20%,1,20.00%,39.20%,34.60%,26.30%,13.30%,61.70%,25.00%,245,88.4,103.3,109.1,16.2,19,7.80%,92,37.60%,0.257,0.269,0.423,0.43,0.315,0.322
Oneil Cruz,71,308,13,41,31,26,13.60%,33.10%,0.196,0.277,0.208,0.321,0.404,0.318,0.362,99,3.2,2.9,0.5,1.4,13.60%,33.10%,0.41,0.208,0.321,0.404,0.725,0.196,7,0.277,-0.3,3.5,37,0.9,0.318,99,0.277,1.23,16.80%,46.00%,37.30%,8.30%,21.70%,4,5.40%,0,0.00%,41.60%,40.40%,18.00%,15.50%,42.20%,42.20%,230,89.9,102.6,110,23.5,23,10.00%,97,42.20%,0.236,0.241,0.426,0.416,0.324,0.321
Otto Lopez,62,253,6,28,28,8,8.70%,13.80%,0.109,0.265,0.245,0.312,0.354,0.296,0.357,84,1,-3.6,6.6,1.2,8.70%,13.80%,0.63,0.245,0.312,0.354,0.666,0.109,4.1,0.265,1,0,26,-3.6,0.296,84,0.265,1.53,19.50%,48.70%,31.80%,6.50%,9.70%,11,11.60%,0,0.00%,36.40%,39.50%,24.10%,17.90%,56.90%,25.10%,173,91.2,108.1,114.7,15.8,24,13.90%,87,50.30%,0.22,0.247,0.403,0.468,0.283,0.32
Ozzie Albies,78,335,6,34,28,7,8.40%,16.70%,0.103,0.252,0.222,0.293,0.325,0.278,0.283,73,2.2,-8.3,0,0.3,8.40%,16.70%,0.5,0.222,0.293,0.325,0.617,0.103,4.9,0.252,1.8,0.5,29,-9.8,0.278,73,0.252,0.75,19.80%,34.30%,46.00%,14.00%,5.30%,11,12.90%,0,0.00%,49.20%,33.90%,16.90%,19.80%,56.90%,23.40%,191,87.5,105.2,111.2,12.1,16,8.40%,79,41.40%,0.242,0.257,0.371,0.435,0.292,0.32
Paul Goldschmidt,78,313,8,48,32,5,7.70%,18.20%,0.144,0.335,0.288,0.346,0.432,0.338,0.355,118,0.3,6.8,-6.5,1.1,7.70%,18.20%,0.42,0.288,0.346,0.432,0.778,0.144,5.4,0.335,-0.1,0.5,42,6.1,0.338,118,0.335,1.14,24.50%,40.20%,35.40%,8.60%,9.90%,10,10.90%,0,0.00%,41.90%,32.80%,25.30%,12.70%,59.40%,27.90%,179,90.2,106.8,110,8.8,16,8.90%,81,45.30%,0.244,0.26,0.36,0.403,0.299,0.319
Pete Alonso,80,351,18,44,64,0,10.50%,23.10%,0.259,0.332,0.286,0.379,0.545,0.395,0.423,158,-3.5,20.5,-9.3,2.3,10.50%,23.10%,0.46,0.286,0.379,0.545,0.924,0.259,2.2,0.332,-2.1,-1.4,63,22.8,0.395,158,0.332,0.94,24.20%,36.80%,39.00%,10.30%,20.70%,2,2.40%,0,0.00%,42.60%,30.00%,27.40%,13.00%,46.60%,40.40%,203,90.7,107.3,112.8,17.6,25,12.30%,92,45.30%,0.215,0.243,0.361,0.429,0.284,0.319
Pete Crow-Armstrong,78,327,21,58,61,24,4.30%,23.90%,0.289,0.3,0.273,0.31,0.563,0.37,0.358,140,4.7,20,8.2,4,4.30%,23.90%,0.18,0.273,0.31,0.563,0.872,0.289,8.7,0.3,1.8,2.8,53,14.6,0.37,140,0.3,0.51,20.20%,26.90%,52.90%,11.00%,17.80%,3,5.00%,2,22.20%,48.70%,28.90%,22.40%,15.50%,50.90%,33.60%,254,92.3,108.2,117.7,11.3,23,9.10%,119,46.90%,0.257,0.257,0.408,0.407,0.314,0.319
Rafael Devers,80,364,16,49,61,1,16.20%,23.10%,0.224,0.318,0.268,0.393,0.492,0.381,0.397,143,-1.4,16.4,-8.6,2.1,16.20%,23.10%,0.7,0.268,0.393,0.492,0.884,0.224,1.8,0.318,-0.5,-0.9,62,19.5,0.381,143,0.318,1.05,18.00%,41.90%,40.10%,6.90%,18.40%,1,1.10%,0,0.00%,30.90%,41.90%,27.20%,11.10%,49.30%,39.60%,177,86.4,102.2,108.7,13.1,12,6.80%,57,32.20%,0.272,0.261,0.426,0.366,0.34,0.318
Randy Arozarena,76,332,8,36,31,14,11.70%,27.40%,0.161,0.32,0.237,0.355,0.398,0.338,0.344,124,0.1,9.3,-3.1,1.8,11.70%,27.40%,0.43,0.237,0.355,0.398,0.753,0.161,5.8,0.32,-2.1,2.2,45,6.4,0.338,124,0.32,1.07,20.10%,41.30%,38.60%,16.40%,11.00%,9,11.50%,0,0.00%,47.60%,30.70%,21.70%,17.50%,41.80%,40.70%,210,89.2,107.1,114.1,4.2,10,4.80%,86,41.00%,0.241,0.232,0.348,0.354,0.315,0.316
Rhys Hoskins,75,292,12,28,40,2,11.60%,26.70%,0.189,0.299,0.245,0.339,0.434,0.336,0.329,114,-1,3.7,-5.2,0.8,11.60%,26.70%,0.44,0.245,0.339,0.434,0.773,0.189,2,0.299,-0.5,-0.5,39,5.2,0.336,114,0.299,0.6,22.70%,29.00%,48.30%,10.60%,14.10%,4,7.80%,0,0.00%,54.50%,31.30%,14.20%,14.20%,50.60%,35.20%,209,88.4,104.4,110,17.2,12,5.70%,74,35.40%,0.256,0.259,0.391,0.386,0.317,0.314
Riley Greene,78,327,17,44,61,1,7.30%,30.60%,0.239,0.395,0.299,0.352,0.538,0.382,0.368,150,-0.6,17.9,-2.1,2.8,7.30%,30.60%,0.24,0.299,0.352,0.538,0.89,0.239,2,0.395,0.1,-0.7,56,17.7,0.382,150,0.395,1.18,23.30%,41.60%,35.10%,1.40%,23.90%,6,7.10%,0,0.00%,38.60%,30.20%,31.20%,12.90%,50.50%,36.60%,215,89.6,105.1,111.7,10.4,16,7.40%,89,41.40%,0.228,0.242,0.397,0.399,0.304,0.313
Ryan Jeffers,63,246,6,24,29,0,11.40%,19.10%,0.154,0.292,0.248,0.346,0.402,0.332,0.36,114,-0.7,3.3,-1.7,1,11.40%,19.10%,0.6,0.248,0.346,0.402,0.747,0.154,1,0.292,-0.3,-0.4,32,3.5,0.332,114,0.292,0.81,24.00%,34.10%,41.90%,14.30%,8.60%,3,5.30%,0,0.00%,36.50%,34.10%,29.30%,15.60%,50.30%,34.10%,214,91.5,107,113.6,8,21,9.80%,98,45.80%,0.256,0.241,0.445,0.417,0.332,0.313
Ryan McMahon,77,314,12,32,25,2,13.10%,30.90%,0.185,0.301,0.225,0.328,0.41,0.326,0.353,94,0,-2.2,5.2,1.4,13.10%,30.90%,0.42,0.225,0.328,0.41,0.738,0.185,3.1,0.301,0.5,-0.5,39,2.9,0.326,94,0.301,1.05,19.60%,41.10%,39.30%,6.10%,18.20%,1,1.40%,3,42.90%,41.10%,38.90%,20.00%,6.30%,56.00%,37.70%,162,89.6,104.1,109.6,23.1,18,11.10%,66,40.70%,0.22,0.213,0.448,0.432,0.321,0.312
Ryan O'Hearn,66,260,11,30,30,3,10.00%,16.50%,0.185,0.331,0.304,0.385,0.489,0.38,0.385,150,-0.9,14,-3.1,2,10.00%,16.50%,0.6,0.304,0.385,0.489,0.874,0.185,2.7,0.331,-0.6,-0.3,44,13.8,0.38,150,0.331,1.42,22.00%,45.70%,32.30%,5.00%,18.30%,7,8.20%,0,0.00%,39.80%,37.60%,22.60%,11.30%,55.40%,33.30%,205,88.9,105.3,112.9,15.4,13,6.30%,90,43.90%,0.24,0.23,0.37,0.377,0.314,0.311
Sal Frelick,77,313,4,36,31,15,6.70%,13.10%,0.096,0.333,0.295,0.352,0.391,0.33,0.311,110,3.2,6.8,1.5,1.9,6.70%,13.10%,0.51,0.295,0.352,0.391,0.743,0.096,6.5,0.333,1.6,1.6,40,4,0.33,110,0.333,1.46,21.40%,46.60%,31.90%,17.10%,5.30%,9,8.10%,3,50.00%,43.90%,34.40%,21.70%,25.00%,52.90%,22.10%,244,86.7,101.1,106.9,12.5,8,3.30%,74,30.30%,0.291,0.254,0.432,0.343,0.357,0.311
Salvador Perez,75,312,9,19,41,0,4.50%,21.50%,0.157,0.275,0.235,0.277,0.392,0.29,0.346,79,-3.4,-10.7,-1.9,-0.2,4.50%,21.50%,0.21,0.235,0.277,0.392,0.669,0.157,0.4,0.275,-3,-0.4,30,-6.1,0.29,79,0.275,0.74,21.10%,33.50%,45.40%,5.80%,8.70%,3,3.90%,0,0.00%,50.20%,31.70%,18.10%,15.00%,48.90%,36.10%,167,90,106,115.8,20.4,19,11.40%,69,41.30%,0.185,0.232,0.313,0.403,0.261,0.311
Seiya Suzuki,75,333,21,42,67,2,7.80%,26.70%,0.285,0.294,0.262,0.315,0.546,0.365,0.367,136,-1.1,13,-6.8,1.8,7.80%,26.70%,0.29,0.262,0.315,0.546,0.862,0.285,3.4,0.294,-0.3,-0.8,52,13.4,0.365,136,0.294,0.62,25.70%,28.40%,45.90%,9.00%,21.00%,5,8.10%,0,0.00%,44.00%,33.90%,22.00%,13.30%,50.00%,36.70%,203,89.4,104.7,110.5,9.1,18,8.90%,87,42.90%,0.233,0.236,0.423,0.398,0.317,0.311
Shohei Ohtani,78,364,27,77,51,11,13.20%,25.50%,0.338,0.326,0.289,0.387,0.627,0.422,0.435,174,2.3,34,-8.4,3.9,13.20%,25.50%,0.52,0.289,0.387,0.627,1.014,0.338,7.5,0.326,2.2,0,73,31.3,0.422,174,0.326,1.04,16.40%,42.70%,40.90%,4.40%,30.00%,7,7.40%,0,0.00%,49.50%,35.50%,15.00%,10.50%,44.10%,45.50%,247,85.3,100.3,109.1,11,7,2.80%,69,27.90%,0.295,0.277,0.391,0.359,0.33,0.311
Spencer Steer,73,291,6,30,27,6,6.90%,25.10%,0.123,0.309,0.242,0.296,0.364,0.292,0.278,78,-0.2,-7.8,-3.3,-0.2,6.90%,25.10%,0.27,0.242,0.296,0.364,0.66,0.123,4.8,0.309,-0.5,0.4,29,-5.2,0.292,78,0.309,0.95,26.50%,35.70%,37.80%,16.20%,8.10%,5,7.10%,1,100.00%,47.70%,31.00%,21.30%,18.80%,59.90%,21.30%,168,89,104,109.9,16.2,14,8.30%,70,41.70%,0.203,0.223,0.341,0.383,0.289,0.311
Spencer Torkelson,74,312,16,43,49,1,12.20%,24.40%,0.246,0.244,0.223,0.33,0.47,0.341,0.361,121,0.4,8.1,-6.8,1.2,12.20%,24.40%,0.5,0.223,0.33,0.47,0.8,0.246,2.7,0.244,0.7,-0.2,43,6.8,0.341,121,0.244,0.6,18.20%,30.70%,51.00%,10.20%,16.30%,1,1.70%,0,0.00%,47.40%,27.60%,25.00%,12.50%,56.30%,31.30%,269,87.3,100.4,104.7,12.5,5,1.90%,75,27.90%,0.294,0.289,0.37,0.374,0.313,0.31
Steven Kwan,74,319,6,36,24,10,8.20%,9.10%,0.122,0.327,0.31,0.371,0.432,0.354,0.328,130,1.1,12.2,0.4,2.4,8.20%,9.10%,0.9,0.31,0.371,0.432,0.803,0.122,4.3,0.327,0.1,1,47,10.2,0.354,130,0.327,1.24,24.30%,42.00%,33.70%,2.30%,7.00%,4,3.70%,2,33.30%,32.20%,41.40%,26.40%,13.00%,67.40%,19.50%,188,91,105.6,111.3,12.4,23,12.20%,88,46.80%,0.194,0.246,0.306,0.416,0.248,0.31
Taylor Ward,77,330,19,43,53,1,9.10%,26.70%,0.255,0.224,0.211,0.282,0.466,0.319,0.33,103,0.3,1.4,-2.4,1,9.10%,26.70%,0.34,0.211,0.282,0.466,0.748,0.255,3.1,0.224,0.9,-0.6,39,1.3,0.319,103,0.224,0.64,12.80%,34.10%,53.10%,8.00%,17.00%,6,8.30%,0,0.00%,36.50%,32.70%,30.80%,11.80%,49.30%,38.90%,212,87.4,101.7,110.7,16.1,11,5.20%,60,28.30%,0.24,0.247,0.344,0.39,0.293,0.31
Teoscar Hernández,64,264,14,40,53,5,4.50%,24.20%,0.234,0.302,0.266,0.3,0.5,0.343,0.357,120,0.8,7.1,-7.6,0.8,4.50%,24.20%,0.19,0.266,0.3,0.5,0.8,0.234,5,0.302,0.1,0.7,37,6,0.343,120,0.302,1.11,20.40%,41.90%,37.60%,7.10%,20.00%,5,6.40%,0,0.00%,37.10%,33.30%,29.60%,14.50%,48.40%,37.10%,171,88.7,100.8,106.4,11.7,7,4.10%,63,36.80%,0.266,0.248,0.386,0.348,0.332,0.309
TJ Friedl,76,339,8,47,30,9,11.20%,15.60%,0.14,0.329,0.291,0.377,0.432,0.357,0.311,122,1.7,10.5,0,2.2,11.20%,15.60%,0.72,0.291,0.377,0.432,0.808,0.14,5.3,0.329,1.8,-0.1,51,11.7,0.357,122,0.329,1.27,22.50%,43.30%,34.20%,15.20%,10.10%,5,5.00%,5,38.50%,52.00%,29.90%,18.00%,16.40%,59.00%,24.60%,209,88.9,103.1,109.9,20.2,23,11.00%,88,42.10%,0.206,0.213,0.344,0.397,0.283,0.306
Trea Turner,77,346,9,54,35,19,6.90%,15.60%,0.148,0.337,0.3,0.355,0.448,0.352,0.337,125,3.3,13.3,7.3,3.3,6.90%,15.60%,0.44,0.3,0.355,0.448,0.803,0.148,6.5,0.337,2.1,1.2,51,10.6,0.352,125,0.337,1.22,20.10%,43.90%,36.00%,9.50%,9.50%,14,12.10%,0,0.00%,40.20%,35.60%,24.20%,13.30%,54.50%,32.20%,203,87.4,102.8,107.7,4.5,8,3.90%,66,32.50%,0.215,0.27,0.293,0.388,0.246,0.306
Trent Grisham,68,265,15,37,31,0,13.20%,23.80%,0.227,0.265,0.24,0.343,0.467,0.355,0.371,130,-1.4,7.6,-1.2,1.6,13.20%,23.80%,0.56,0.24,0.343,0.467,0.811,0.227,2.6,0.265,-0.6,-0.9,39,8.7,0.355,130,0.265,0.74,18.80%,34.50%,46.70%,11.70%,19.50%,6,10.50%,0,0.00%,47.00%,36.70%,16.30%,14.50%,51.20%,34.30%,209,87.2,99.4,109,10.5,0,0.00%,63,30.10%,0.293,0.266,0.333,0.328,0.317,0.304
Trevor Larnach,74,306,11,41,36,2,8.50%,21.60%,0.172,0.302,0.259,0.328,0.431,0.331,0.329,114,-0.5,4.3,-9.5,0.5,8.50%,21.60%,0.39,0.259,0.328,0.431,0.759,0.172,3.5,0.302,0.4,-0.9,40,4.2,0.331,114,0.302,1.32,19.50%,45.70%,34.80%,4.10%,15.10%,4,4.20%,0,0.00%,41.40%,35.20%,23.30%,11.00%,60.00%,29.00%,269,87.3,105.4,110.3,10.7,19,7.10%,101,37.50%,0.257,0.256,0.445,0.412,0.315,0.302
Trevor Story,77,316,11,35,39,11,4.40%,30.10%,0.134,0.302,0.232,0.273,0.366,0.282,0.295,73,1.9,-8,1.6,0.4,4.40%,30.10%,0.15,0.232,0.273,0.366,0.639,0.134,5.2,0.302,0.2,1.8,28,-8.2,0.282,73,0.302,1.22,16.70%,45.80%,37.40%,11.80%,14.50%,7,7.50%,0,0.00%,36.30%,41.20%,22.50%,18.10%,50.50%,31.40%,253,87.3,101.5,107.9,19.2,11,4.30%,87,34.40%,0.247,0.25,0.399,0.381,0.306,0.3
Ty France,77,309,6,34,42,1,4.20%,14.90%,0.113,0.294,0.262,0.324,0.376,0.312,0.351,100,-2.2,-2,-1.5,0.7,4.20%,14.90%,0.28,0.262,0.324,0.376,0.7,0.113,2.7,0.294,-1.9,-0.3,35,-0.5,0.312,100,0.294,1.52,22.40%,46.80%,30.80%,5.50%,8.20%,4,3.60%,0,0.00%,34.20%,39.70%,26.20%,12.70%,56.50%,30.80%,239,89.3,108.5,112.4,5.8,15,6.30%,94,39.30%,0.22,0.262,0.331,0.397,0.25,0.3
Tyler Soderstrom,80,334,14,42,45,5,9.90%,24.00%,0.186,0.305,0.257,0.338,0.443,0.342,0.358,121,0,8,-9.8,1,9.90%,24.00%,0.41,0.257,0.338,0.443,0.781,0.186,4.6,0.305,-0.5,0.4,46,7.4,0.342,121,0.305,1.35,19.40%,46.30%,34.30%,5.40%,18.90%,6,6.00%,1,100.00%,39.60%,36.40%,24.00%,13.40%,49.30%,37.30%,167,91.3,106.1,111.9,21.5,16,9.60%,83,49.70%,0.216,0.221,0.432,0.407,0.303,0.3
Victor Scott II,74,267,3,35,24,22,9.00%,27.00%,0.083,0.333,0.24,0.331,0.323,0.299,0.287,90,4.1,1,4.3,1.4,9.00%,27.00%,0.33,0.24,0.331,0.323,0.654,0.083,7.6,0.333,0.6,3.5,28,-3.3,0.299,90,0.333,1.22,25.90%,40.80%,33.30%,2.00%,6.10%,1,1.70%,6,37.50%,38.00%,30.70%,31.30%,14.70%,69.90%,15.30%,161,89.8,107.3,112.3,5.9,16,9.90%,66,41.00%,0.228,0.221,0.357,0.392,0.287,0.299
Vinnie Pasquantino,78,328,11,31,42,1,7.00%,15.90%,0.14,0.29,0.267,0.326,0.407,0.32,0.332,101,-2.5,-2.2,-4.8,0.4,7.00%,15.90%,0.44,0.267,0.326,0.407,0.733,0.14,2.6,0.29,-2.2,-0.4,40,1.6,0.32,101,0.29,0.95,17.70%,40.20%,42.20%,13.30%,10.50%,4,4.00%,0,0.00%,45.40%,34.10%,20.50%,14.50%,51.00%,34.50%,244,84.5,101.6,109.2,15.5,13,5.30%,70,28.70%,0.266,0.24,0.423,0.381,0.323,0.297
Vladimir Guerrero Jr.,77,339,10,46,39,2,13.30%,14.20%,0.16,0.306,0.281,0.383,0.441,0.36,0.413,135,-1.3,12.2,-5,1.9,13.30%,14.20%,0.94,0.281,0.383,0.441,0.824,0.16,2.4,0.306,-0.2,-1,52,12.5,0.36,135,0.306,1.44,22.30%,45.90%,31.80%,9.10%,13.00%,8,7.20%,0,0.00%,34.30%,37.20%,28.50%,16.10%,41.30%,42.60%,163,88.6,103.8,108.4,25.1,13,8.00%,60,36.80%,0.217,0.212,0.425,0.37,0.319,0.297
Will Smith,63,252,9,39,42,2,14.30%,18.30%,0.211,0.377,0.33,0.425,0.541,0.415,0.395,170,-1.4,19.2,2.5,3.1,14.30%,18.30%,0.78,0.33,0.425,0.541,0.965,0.211,3.3,0.377,-0.1,-1.3,50,20.4,0.415,170,0.377,0.67,21.40%,31.50%,47.00%,7.60%,11.40%,2,3.80%,0,0.00%,30.40%,38.70%,31.00%,13.70%,52.40%,33.90%,224,87.1,100.4,108.9,16.9,5,2.20%,60,26.80%,0.31,0.272,0.427,0.366,0.336,0.297
William Contreras,75,322,6,38,34,5,15.20%,19.60%,0.107,0.289,0.241,0.354,0.348,0.315,0.316,99,-0.7,-0.9,5,1.5,15.20%,19.60%,0.78,0.241,0.354,0.348,0.702,0.107,3.8,0.289,-1.1,0.4,37,0.2,0.315,99,0.289,1.85,15.70%,54.80%,29.50%,11.30%,9.70%,11,9.60%,0,0.00%,40.50%,34.80%,24.80%,19.00%,51.40%,29.50%,158,88.6,104.9,112.2,4.7,8,5.10%,66,41.80%,0.223,0.222,0.345,0.338,0.301,0.296
Willson Contreras,75,322,10,39,50,3,7.80%,24.20%,0.17,0.306,0.248,0.333,0.418,0.331,0.37,112,-0.3,4.4,-2.5,1.3,7.80%,24.20%,0.32,0.248,0.333,0.418,0.752,0.17,3.7,0.306,-0.4,0.1,42,4.4,0.331,112,0.306,1.27,21.80%,43.70%,34.50%,5.60%,14.10%,4,4.40%,0,0.00%,40.10%,37.70%,22.20%,17.90%,50.70%,31.40%,204,90.1,106.7,111.7,13.9,21,10.30%,93,45.60%,0.232,0.238,0.366,0.403,0.282,0.295
Willy Adames,78,335,9,42,33,4,11.00%,26.30%,0.137,0.256,0.206,0.293,0.344,0.283,0.306,80,-0.1,-7.9,4.1,0.7,11.00%,26.30%,0.42,0.206,0.293,0.344,0.637,0.137,4.3,0.256,0.4,-0.5,31,-8.2,0.283,80,0.256,0.76,16.30%,36.10%,47.60%,10.10%,9.10%,6,8.00%,0,0.00%,38.90%,34.60%,26.40%,20.20%,49.00%,30.80%,215,84.9,100.2,106.8,16.3,10,4.70%,51,23.70%,0.249,0.231,0.398,0.345,0.32,0.293
Wilmer Flores,76,300,11,31,54,1,8.30%,18.30%,0.149,0.275,0.249,0.323,0.398,0.32,0.293,105,-1.8,0.1,-7.6,0.2,8.30%,18.30%,0.45,0.249,0.323,0.398,0.721,0.149,2.1,0.275,-1.5,-0.3,36,1.4,0.32,105,0.275,0.87,20.00%,37.20%,42.80%,14.10%,12.00%,3,3.80%,0,0.00%,38.10%,36.70%,25.10%,18.60%,60.00%,21.40%,208,86.4,103.6,109.8,13.6,7,3.40%,73,35.10%,0.217,0.254,0.297,0.341,0.259,0.29
Wyatt Langford,67,292,13,32,31,11,9.60%,26.00%,0.189,0.272,0.232,0.308,0.421,0.317,0.337,103,0.7,1.6,0.6,1.2,9.60%,26.00%,0.37,0.232,0.308,0.421,0.729,0.189,4.2,0.272,0.1,0.6,34,0.6,0.317,103,0.272,0.95,19.40%,39.20%,41.40%,9.10%,16.90%,9,12.30%,0,0.00%,46.80%,28.50%,24.70%,15.60%,48.90%,35.50%,224,86.1,100.3,110.4,11.1,5,2.20%,68,30.40%,0.247,0.274,0.32,0.351,0.265,0.288
Xander Bogaerts,78,315,4,33,29,13,10.50%,16.50%,0.098,0.284,0.246,0.324,0.344,0.296,0.33,90,1.2,-2.4,5.7,1.4,10.50%,16.50%,0.63,0.246,0.324,0.344,0.668,0.098,4.8,0.284,-0.5,1.7,32,-4.7,0.296,90,0.284,1.26,23.10%,42.80%,34.10%,11.50%,5.10%,15,15.30%,0,0.00%,40.20%,37.10%,22.70%,15.70%,56.80%,27.50%,163,86.1,100.8,106.6,12.9,6,3.70%,44,27.00%,0.24,0.229,0.323,0.303,0.299,0.287
Xavier Edwards,62,280,0,28,17,14,10.40%,14.60%,0.041,0.348,0.293,0.367,0.333,0.317,0.304,98,-0.1,-0.6,-1.1,0.8,10.40%,14.60%,0.71,0.293,0.367,0.333,0.7,0.041,4.8,0.348,0.2,-0.2,33,0.6,0.317,98,0.348,1.34,24.60%,43.20%,32.20%,4.70%,0.00%,5,5.80%,4,40.00%,27.30%,33.00%,39.70%,15.30%,62.70%,22.00%,161,90,106.7,112.7,13.1,16,9.90%,65,40.40%,0.207,0.207,0.35,0.363,0.281,0.286
Yainer Diaz,69,279,9,29,30,0,3.60%,18.60%,0.143,0.262,0.237,0.269,0.38,0.283,0.332,81,-0.4,-6.4,-3.3,0,3.60%,18.60%,0.19,0.237,0.269,0.38,0.649,0.143,2.6,0.262,0.4,-0.8,25,-6.9,0.283,81,0.262,1.15,20.90%,42.30%,36.70%,7.60%,11.40%,6,6.60%,0,0.00%,38.60%,38.60%,22.80%,15.30%,51.60%,33.00%,212,90.2,104,109.7,9.5,12,5.70%,95,44.80%,0.232,0.241,0.283,0.349,0.258,0.284
Yandy Díaz,73,325,12,36,44,3,6.50%,13.50%,0.181,0.302,0.289,0.338,0.47,0.348,0.374,129,0.3,11.2,-7.1,1.5,6.50%,13.50%,0.48,0.289,0.338,0.47,0.808,0.181,3.8,0.302,0.3,0.1,47,8.9,0.348,129,0.302,1.88,17.10%,54.10%,28.80%,4.10%,16.20%,7,5.00%,0,0.00%,30.00%,40.50%,29.60%,13.60%,45.90%,40.50%,248,86.8,100.1,107.5,20.2,8,3.20%,67,27.00%,0.222,0.227,0.325,0.333,0.278,0.283
Zach McKinstry,71,270,4,37,22,8,10.70%,23.00%,0.153,0.349,0.272,0.353,0.426,0.34,0.318,120,3.5,9.8,1.7,2.1,10.70%,23.00%,0.47,0.272,0.353,0.426,0.779,0.153,7.3,0.349,2.7,0.7,37,5.6,0.34,120,0.349,1.32,30.10%,39.80%,30.10%,9.40%,7.50%,5,7.10%,0,0.00%,43.50%,33.90%,22.60%,15.80%,58.80%,25.40%,299,85.3,96.5,107.8,12.8,1,0.30%,49,16.40%,0.282,0.273,0.393,0.343,0.307,0.283
Zach Neto,61,262,12,46,29,13,4.20%,26.30%,0.216,0.339,0.278,0.321,0.494,0.35,0.369,125,0.5,7.9,-2.2,1.5,4.20%,26.30%,0.16,0.278,0.321,0.494,0.814,0.216,6.9,0.339,0.7,-0.2,38,7.5,0.35,125,0.339,1.05,23.60%,39.10%,37.40%,10.80%,18.50%,3,4.40%,0,0.00%,46.90%,31.60%,21.50%,8.50%,49.70%,41.80%,197,87.1,101.7,106.5,17,10,5.10%,63,32.00%,0.242,0.232,0.364,0.338,0.292,0.278